1517443200,30,Fear,2018-02-01 01:00:00
1517529600,15,Extreme Fear,2018-02-02 01:00:00
1517616000,40,Fear,2018-02-03 01:00:00
1517702400,24,Extreme Fear,2018-02-04 01:00:00
1517788800,11,Extreme Fear,2018-02-05 01:00:00
1517875200,8,Extreme Fear,2018-02-06 01:00:00
1517961600,36,Fear,2018-02-07 01:00:00
1518048000,30,Fear,2018-02-08 01:00:00
1518134400,44,Fear,2018-02-09 01:00:00
1518220800,54,Neutral,2018-02-10 01:00:00
1518307200,31,Fear,2018-02-11 01:00:00
1518393600,42,Fear,2018-02-12 01:00:00
1518480000,35,Fear,2018-02-13 01:00:00
1518566400,55,Greed,2018-02-14 01:00:00
1518652800,71,Greed,2018-02-15 01:00:00
1518739200,67,Greed,2018-02-16 01:00:00
1518825600,74,Greed,2018-02-17 01:00:00
1518912000,63,Greed,2018-02-18 01:00:00
1518998400,67,Greed,2018-02-19 01:00:00
1519084800,74,Greed,2018-02-20 01:00:00
1519171200,54,Neutral,2018-02-21 01:00:00
1519257600,44,Fear,2018-02-22 01:00:00
1519344000,39,Fear,2018-02-23 01:00:00
1519430400,31,Fear,2018-02-24 01:00:00
1519516800,33,Fear,2018-02-25 01:00:00
1519603200,37,Fear,2018-02-26 01:00:00
1519689600,44,Fear,2018-02-27 01:00:00
1519776000,41,Fear,2018-02-28 01:00:00
1519862400,38,Fear,2018-03-01 01:00:00
1519948800,47,Neutral,2018-03-02 01:00:00
1520035200,56,Greed,2018-03-03 01:00:00
1520121600,44,Fear,2018-03-04 01:00:00
1520208000,55,Greed,2018-03-05 01:00:00
1520294400,59,Greed,2018-03-06 01:00:00
1520380800,37,Fear,2018-03-07 01:00:00
1520467200,39,Fear,2018-03-08 01:00:00
1520553600,37,Fear,2018-03-09 01:00:00
1520640000,39,Fear,2018-03-10 01:00:00
1520726400,40,Fear,2018-03-11 01:00:00
1520812800,41,Fear,2018-03-12 01:00:00
1520899200,41,Fear,2018-03-13 01:00:00
1520985600,40,Fear,2018-03-14 01:00:00
1521072000,32,Fear,2018-03-15 01:00:00
1521158400,33,Fear,2018-03-16 01:00:00
1521244800,31,Fear,2018-03-17 01:00:00
1521331200,29,Fear,2018-03-18 01:00:00
1521417600,29,Fear,2018-03-19 01:00:00
1521504000,37,Fear,2018-03-20 01:00:00
1521590400,36,Fear,2018-03-21 01:00:00
1521676800,36,Fear,2018-03-22 01:00:00
1521763200,28,Fear,2018-03-23 01:00:00
1521849600,32,Fear,2018-03-24 01:00:00
1521936000,30,Fear,2018-03-25 01:00:00
1522022400,31,Fear,2018-03-26 02:00:00
1522108800,24,Extreme Fear,2018-03-27 02:00:00
1522195200,24,Extreme Fear,2018-03-28 02:00:00
1522281600,18,Extreme Fear,2018-03-29 02:00:00
1522368000,12,Extreme Fear,2018-03-30 02:00:00
1522454400,16,Extreme Fear,2018-03-31 02:00:00
1522540800,16,Extreme Fear,2018-04-01 02:00:00
1522627200,11,Extreme Fear,2018-04-02 02:00:00
1522713600,22,Extreme Fear,2018-04-03 02:00:00
1522800000,22,Extreme Fear,2018-04-04 02:00:00
1522886400,17,Extreme Fear,2018-04-05 02:00:00
1522972800,19,Extreme Fear,2018-04-06 02:00:00
1523059200,20,Extreme Fear,2018-04-07 02:00:00
1523145600,17,Extreme Fear,2018-04-08 02:00:00
1523232000,21,Extreme Fear,2018-04-09 02:00:00
1523318400,18,Extreme Fear,2018-04-10 02:00:00
1523404800,20,Extreme Fear,2018-04-11 02:00:00
1523491200,18,Extreme Fear,2018-04-12 02:00:00
1523577600,23,Extreme Fear,2018-04-13 02:00:00
1523664000,23,Extreme Fear,2018-04-14 02:00:00
1523750400,24,Extreme Fear,2018-04-15 02:00:00
1523836800,24,Extreme Fear,2018-04-16 02:00:00
1523923200,26,Fear,2018-04-17 02:00:00
1524009600,24,Extreme Fear,2018-04-18 02:00:00
1524096000,25,Extreme Fear,2018-04-19 02:00:00
1524182400,26,Fear,2018-04-20 02:00:00
1524268800,32,Fear,2018-04-21 02:00:00
1524355200,31,Fear,2018-04-22 02:00:00
1524441600,28,Fear,2018-04-23 02:00:00
1524528000,29,Fear,2018-04-24 02:00:00
1524614400,64,Greed,2018-04-25 02:00:00
1524700800,47,Neutral,2018-04-26 02:00:00
1524787200,55,Greed,2018-04-27 02:00:00
1524873600,54,Neutral,2018-04-28 02:00:00
1524960000,61,Greed,2018-04-29 02:00:00
1525046400,59,Greed,2018-04-30 02:00:00
1525132800,56,Greed,2018-05-01 02:00:00
1525219200,52,Neutral,2018-05-02 02:00:00
1525305600,55,Greed,2018-05-03 02:00:00
1525392000,56,Greed,2018-05-04 02:00:00
1525478400,63,Greed,2018-05-05 02:00:00
1525564800,67,Greed,2018-05-06 02:00:00
1525651200,56,Greed,2018-05-07 02:00:00
1525737600,62,Greed,2018-05-08 02:00:00
1525824000,53,Neutral,2018-05-09 02:00:00
1525910400,63,Greed,2018-05-10 02:00:00
1525996800,41,Fear,2018-05-11 02:00:00
1526083200,44,Fear,2018-05-12 02:00:00
1526169600,40,Fear,2018-05-13 02:00:00
1526256000,40,Fear,2018-05-14 02:00:00
1526342400,40,Fear,2018-05-15 02:00:00
1526428800,32,Fear,2018-05-16 02:00:00
1526515200,31,Fear,2018-05-17 02:00:00
1526601600,37,Fear,2018-05-18 02:00:00
1526688000,31,Fear,2018-05-19 02:00:00
1526774400,32,Fear,2018-05-20 02:00:00
1526860800,41,Fear,2018-05-21 02:00:00
1526947200,30,Fear,2018-05-22 02:00:00
1527033600,26,Fear,2018-05-23 02:00:00
1527120000,27,Fear,2018-05-24 02:00:00
1527206400,25,Extreme Fear,2018-05-25 02:00:00
1527292800,23,Extreme Fear,2018-05-26 02:00:00
1527379200,19,Extreme Fear,2018-05-27 02:00:00
1527465600,22,Extreme Fear,2018-05-28 02:00:00
1527552000,16,Extreme Fear,2018-05-29 02:00:00
1527638400,38,Fear,2018-05-30 02:00:00
1527724800,25,Extreme Fear,2018-05-31 02:00:00
1527811200,24,Extreme Fear,2018-06-01 02:00:00
1527897600,27,Fear,2018-06-02 02:00:00
1527984000,40,Fear,2018-06-03 02:00:00
1528070400,41,Fear,2018-06-04 02:00:00
1528156800,26,Fear,2018-06-05 02:00:00
1528243200,42,Fear,2018-06-06 02:00:00
1528329600,38,Fear,2018-06-07 02:00:00
1528416000,40,Fear,2018-06-08 02:00:00
1528502400,39,Fear,2018-06-09 02:00:00
1528588800,24,Extreme Fear,2018-06-10 02:00:00
1528675200,15,Extreme Fear,2018-06-11 02:00:00
1528761600,19,Extreme Fear,2018-06-12 02:00:00
1528848000,19,Extreme Fear,2018-06-13 02:00:00
1528934400,17,Extreme Fear,2018-06-14 02:00:00
1529020800,26,Fear,2018-06-15 02:00:00
1529107200,22,Extreme Fear,2018-06-16 02:00:00
1529193600,23,Extreme Fear,2018-06-17 02:00:00
1529280000,27,Fear,2018-06-18 02:00:00
1529366400,32,Fear,2018-06-19 02:00:00
1529452800,34,Fear,2018-06-20 02:00:00
1529539200,37,Fear,2018-06-21 02:00:00
1529625600,28,Fear,2018-06-22 02:00:00
1529712000,17,Extreme Fear,2018-06-23 02:00:00
1529798400,15,Extreme Fear,2018-06-24 02:00:00
1529884800,16,Extreme Fear,2018-06-25 02:00:00
1529971200,21,Extreme Fear,2018-06-26 02:00:00
1530057600,18,Extreme Fear,2018-06-27 02:00:00
1530144000,20,Extreme Fear,2018-06-28 02:00:00
1530230400,16,Extreme Fear,2018-06-29 02:00:00
1530316800,22,Extreme Fear,2018-06-30 02:00:00
1530403200,27,Fear,2018-07-01 02:00:00
1530489600,27,Fear,2018-07-02 02:00:00
1530576000,31,Fear,2018-07-03 02:00:00
1530662400,33,Fear,2018-07-04 02:00:00
1530748800,37,Fear,2018-07-05 02:00:00
1530835200,34,Fear,2018-07-06 02:00:00
1530921600,34,Fear,2018-07-07 02:00:00
1531008000,38,Fear,2018-07-08 02:00:00
1531094400,39,Fear,2018-07-09 02:00:00
1531180800,37,Fear,2018-07-10 02:00:00
1531267200,29,Fear,2018-07-11 02:00:00
1531353600,33,Fear,2018-07-12 02:00:00
1531440000,29,Fear,2018-07-13 02:00:00
1531526400,29,Fear,2018-07-14 02:00:00
1531612800,32,Fear,2018-07-15 02:00:00
1531699200,36,Fear,2018-07-16 02:00:00
1531785600,39,Fear,2018-07-17 02:00:00
1531872000,42,Fear,2018-07-18 02:00:00
1531958400,44,Fear,2018-07-19 02:00:00
1532044800,47,Neutral,2018-07-20 02:00:00
1532131200,43,Fear,2018-07-21 02:00:00
1532217600,46,Fear,2018-07-22 02:00:00
1532304000,44,Fear,2018-07-23 02:00:00
1532390400,49,Neutral,2018-07-24 02:00:00
1532476800,54,Neutral,2018-07-25 02:00:00
1532563200,53,Neutral,2018-07-26 02:00:00
1532649600,47,Neutral,2018-07-27 02:00:00
1532736000,54,Neutral,2018-07-28 02:00:00
1532822400,54,Neutral,2018-07-29 02:00:00
1532908800,53,Neutral,2018-07-30 02:00:00
1532995200,48,Neutral,2018-07-31 02:00:00
1533081600,39,Fear,2018-08-01 02:00:00
1533168000,39,Fear,2018-08-02 02:00:00
1533254400,36,Fear,2018-08-03 02:00:00
1533340800,31,Fear,2018-08-04 02:00:00
1533427200,23,Extreme Fear,2018-08-05 02:00:00
1533513600,25,Extreme Fear,2018-08-06 02:00:00
1533600000,25,Extreme Fear,2018-08-07 02:00:00
1533686400,23,Extreme Fear,2018-08-08 02:00:00
1533772800,19,Extreme Fear,2018-08-09 02:00:00
1533859200,21,Extreme Fear,2018-08-10 02:00:00
1533945600,18,Extreme Fear,2018-08-11 02:00:00
1534032000,18,Extreme Fear,2018-08-12 02:00:00
1534118400,21,Extreme Fear,2018-08-13 02:00:00
1534204800,16,Extreme Fear,2018-08-14 02:00:00
1534291200,18,Extreme Fear,2018-08-15 02:00:00
1534377600,21,Extreme Fear,2018-08-16 02:00:00
1534464000,19,Extreme Fear,2018-08-17 02:00:00
1534550400,24,Extreme Fear,2018-08-18 02:00:00
1534636800,27,Fear,2018-08-19 02:00:00
1534723200,26,Fear,2018-08-20 02:00:00
1534809600,19,Extreme Fear,2018-08-21 02:00:00
1534896000,21,Extreme Fear,2018-08-22 02:00:00
1534982400,18,Extreme Fear,2018-08-23 02:00:00
1535068800,19,Extreme Fear,2018-08-24 02:00:00
1535155200,22,Extreme Fear,2018-08-25 02:00:00
1535241600,19,Extreme Fear,2018-08-26 02:00:00
1535328000,18,Extreme Fear,2018-08-27 02:00:00
1535414400,19,Extreme Fear,2018-08-28 02:00:00
1535500800,19,Extreme Fear,2018-08-29 02:00:00
1535587200,22,Extreme Fear,2018-08-30 02:00:00
1535673600,17,Extreme Fear,2018-08-31 02:00:00
1535760000,21,Extreme Fear,2018-09-01 02:00:00
1535846400,18,Extreme Fear,2018-09-02 02:00:00
1535932800,19,Extreme Fear,2018-09-03 02:00:00
1536019200,26,Fear,2018-09-04 02:00:00
1536105600,17,Extreme Fear,2018-09-05 02:00:00
1536192000,14,Extreme Fear,2018-09-06 02:00:00
1536278400,17,Extreme Fear,2018-09-07 02:00:00
1536364800,18,Extreme Fear,2018-09-08 02:00:00
1536451200,13,Extreme Fear,2018-09-09 02:00:00
1536537600,15,Extreme Fear,2018-09-10 02:00:00
1536624000,18,Extreme Fear,2018-09-11 02:00:00
1536710400,14,Extreme Fear,2018-09-12 02:00:00
1536796800,20,Extreme Fear,2018-09-13 02:00:00
1536883200,23,Extreme Fear,2018-09-14 02:00:00
1536969600,24,Extreme Fear,2018-09-15 02:00:00
1537056000,28,Fear,2018-09-16 02:00:00
1537142400,25,Extreme Fear,2018-09-17 02:00:00
1537228800,21,Extreme Fear,2018-09-18 02:00:00
1537315200,24,Extreme Fear,2018-09-19 02:00:00
1537401600,24,Extreme Fear,2018-09-20 02:00:00
1537488000,31,Fear,2018-09-21 02:00:00
1537574400,35,Fear,2018-09-22 02:00:00
1537660800,38,Fear,2018-09-23 02:00:00
1537747200,43,Fear,2018-09-24 02:00:00
1537833600,37,Fear,2018-09-25 02:00:00
1537920000,37,Fear,2018-09-26 02:00:00
1538006400,42,Fear,2018-09-27 02:00:00
1538092800,42,Fear,2018-09-28 02:00:00
1538179200,37,Fear,2018-09-29 02:00:00
1538265600,34,Fear,2018-09-30 02:00:00
1538352000,35,Fear,2018-10-01 02:00:00
1538438400,33,Fear,2018-10-02 02:00:00
1538524800,36,Fear,2018-10-03 02:00:00
1538611200,29,Fear,2018-10-04 02:00:00
1538697600,37,Fear,2018-10-05 02:00:00
1538784000,34,Fear,2018-10-06 02:00:00
1538870400,29,Fear,2018-10-07 02:00:00
1538956800,26,Fear,2018-10-08 02:00:00
1539043200,31,Fear,2018-10-09 02:00:00
1539129600,28,Fear,2018-10-10 02:00:00
1539216000,19,Extreme Fear,2018-10-11 02:00:00
1539302400,13,Extreme Fear,2018-10-12 02:00:00
1539388800,15,Extreme Fear,2018-10-13 02:00:00
1539475200,18,Extreme Fear,2018-10-14 02:00:00
1539561600,20,Extreme Fear,2018-10-15 02:00:00
1539648000,24,Extreme Fear,2018-10-16 02:00:00
1539734400,23,Extreme Fear,2018-10-17 02:00:00
1539820800,26,Fear,2018-10-18 02:00:00
1539907200,24,Extreme Fear,2018-10-19 02:00:00
1539993600,21,Extreme Fear,2018-10-20 02:00:00
1540080000,21,Extreme Fear,2018-10-21 02:00:00
1540166400,27,Fear,2018-10-22 02:00:00
1540252800,24,Extreme Fear,2018-10-23 02:00:00
1540339200,23,Extreme Fear,2018-10-24 02:00:00
1540425600,25,Extreme Fear,2018-10-25 02:00:00
1540512000,29,Fear,2018-10-26 02:00:00
1540598400,33,Fear,2018-10-27 02:00:00
1540684800,35,Fear,2018-10-28 02:00:00
1540771200,34,Fear,2018-10-29 01:00:00
1540857600,31,Fear,2018-10-30 01:00:00
1540944000,32,Fear,2018-10-31 01:00:00
1541030400,29,Fear,2018-11-01 01:00:00
1541116800,36,Fear,2018-11-02 01:00:00
1541203200,36,Fear,2018-11-03 01:00:00
1541289600,41,Fear,2018-11-04 01:00:00
1541376000,42,Fear,2018-11-05 01:00:00
1541462400,42,Fear,2018-11-06 01:00:00
1541548800,48,Neutral,2018-11-07 01:00:00
1541635200,51,Neutral,2018-11-08 01:00:00
1541721600,47,Neutral,2018-11-09 01:00:00
1541808000,52,Neutral,2018-11-10 01:00:00
1541894400,54,Neutral,2018-11-11 01:00:00
1541980800,52,Neutral,2018-11-12 01:00:00
1542067200,56,Greed,2018-11-13 01:00:00
1542153600,49,Neutral,2018-11-14 01:00:00
1542240000,28,Fear,2018-11-15 01:00:00
1542326400,23,Extreme Fear,2018-11-16 01:00:00
1542412800,24,Extreme Fear,2018-11-17 01:00:00
1542499200,26,Fear,2018-11-18 01:00:00
1542585600,28,Fear,2018-11-19 01:00:00
1542672000,21,Extreme Fear,2018-11-20 01:00:00
1542758400,15,Extreme Fear,2018-11-21 01:00:00
1542844800,14,Extreme Fear,2018-11-22 01:00:00
1542931200,12,Extreme Fear,2018-11-23 01:00:00
1543017600,15,Extreme Fear,2018-11-24 01:00:00
1543104000,9,Extreme Fear,2018-11-25 01:00:00
1543190400,17,Extreme Fear,2018-11-26 01:00:00
1543276800,11,Extreme Fear,2018-11-27 01:00:00
1543363200,14,Extreme Fear,2018-11-28 01:00:00
1543449600,18,Extreme Fear,2018-11-29 01:00:00
1543536000,19,Extreme Fear,2018-11-30 01:00:00
1543622400,13,Extreme Fear,2018-12-01 01:00:00
1543708800,15,Extreme Fear,2018-12-02 01:00:00
1543795200,17,Extreme Fear,2018-12-03 01:00:00
1543881600,12,Extreme Fear,2018-12-04 01:00:00
1543968000,19,Extreme Fear,2018-12-05 01:00:00
1544054400,13,Extreme Fear,2018-12-06 01:00:00
1544140800,11,Extreme Fear,2018-12-07 01:00:00
1544227200,11,Extreme Fear,2018-12-08 01:00:00
1544313600,14,Extreme Fear,2018-12-09 01:00:00
1544400000,19,Extreme Fear,2018-12-10 01:00:00
1544486400,15,Extreme Fear,2018-12-11 01:00:00
1544572800,14,Extreme Fear,2018-12-12 01:00:00
1544659200,14,Extreme Fear,2018-12-13 01:00:00
1544745600,10,Extreme Fear,2018-12-14 01:00:00
1544832000,11,Extreme Fear,2018-12-15 01:00:00
1544918400,13,Extreme Fear,2018-12-16 01:00:00
1545004800,17,Extreme Fear,2018-12-17 01:00:00
1545091200,23,Extreme Fear,2018-12-18 01:00:00
1545177600,21,Extreme Fear,2018-12-19 01:00:00
1545264000,27,Fear,2018-12-20 01:00:00
1545350400,35,Fear,2018-12-21 01:00:00
1545436800,28,Fear,2018-12-22 01:00:00
1545523200,31,Fear,2018-12-23 01:00:00
1545609600,25,Extreme Fear,2018-12-24 01:00:00
1545696000,33,Fear,2018-12-25 01:00:00
1545782400,26,Fear,2018-12-26 01:00:00
1545868800,29,Fear,2018-12-27 01:00:00
1545955200,21,Extreme Fear,2018-12-28 01:00:00
1546041600,24,Extreme Fear,2018-12-29 01:00:00
1546128000,23,Extreme Fear,2018-12-30 01:00:00
1546214400,26,Fear,2018-12-31 01:00:00
1546300800,24,Extreme Fear,2019-01-01 01:00:00
1546387200,30,Fear,2019-01-02 01:00:00
1546473600,33,Fear,2019-01-03 01:00:00
1546560000,48,Neutral,2019-01-04 01:00:00
1546646400,36,Fear,2019-01-05 01:00:00
1546732800,31,Fear,2019-01-06 01:00:00
1546819200,39,Fear,2019-01-07 01:00:00
1546905600,39,Fear,2019-01-08 01:00:00
1546992000,42,Fear,2019-01-09 01:00:00
1547078400,37,Fear,2019-01-10 01:00:00
1547164800,19,Extreme Fear,2019-01-11 01:00:00
1547251200,22,Extreme Fear,2019-01-12 01:00:00
1547337600,21,Extreme Fear,2019-01-13 01:00:00
1547424000,16,Extreme Fear,2019-01-14 01:00:00
1547510400,27,Fear,2019-01-15 01:00:00
1547596800,24,Extreme Fear,2019-01-16 01:00:00
1547683200,28,Fear,2019-01-17 01:00:00
1547769600,29,Fear,2019-01-18 01:00:00
1547856000,31,Fear,2019-01-19 01:00:00
1547942400,35,Fear,2019-01-20 01:00:00
1548028800,30,Fear,2019-01-21 01:00:00
1548115200,27,Fear,2019-01-22 01:00:00
1548201600,33,Fear,2019-01-23 01:00:00
1548288000,37,Fear,2019-01-24 01:00:00
1548374400,35,Fear,2019-01-25 01:00:00
1548460800,41,Fear,2019-01-26 01:00:00
1548547200,39,Fear,2019-01-27 01:00:00
1548633600,35,Fear,2019-01-28 01:00:00
1548720000,21,Extreme Fear,2019-01-29 01:00:00
1548806400,22,Extreme Fear,2019-01-30 01:00:00
1548892800,17,Extreme Fear,2019-01-31 01:00:00
1548979200,23,Extreme Fear,2019-02-01 01:00:00
1549065600,22,Extreme Fear,2019-02-02 01:00:00
1549152000,19,Extreme Fear,2019-02-03 01:00:00
1549238400,27,Fear,2019-02-04 01:00:00
1549324800,21,Extreme Fear,2019-02-05 01:00:00
1549411200,14,Extreme Fear,2019-02-06 01:00:00
1549497600,18,Extreme Fear,2019-02-07 01:00:00
1549584000,37,Fear,2019-02-08 01:00:00
1549670400,42,Fear,2019-02-09 01:00:00
1549756800,40,Fear,2019-02-10 01:00:00
1549843200,46,Fear,2019-02-11 01:00:00
1549929600,38,Fear,2019-02-12 01:00:00
1550016000,48,Neutral,2019-02-13 01:00:00
1550102400,48,Neutral,2019-02-14 01:00:00
1550188800,43,Fear,2019-02-15 01:00:00
1550275200,43,Fear,2019-02-16 01:00:00
1550361600,38,Fear,2019-02-17 01:00:00
1550448000,63,Greed,2019-02-18 01:00:00
1550534400,65,Greed,2019-02-19 01:00:00
1550620800,59,Greed,2019-02-20 01:00:00
1550707200,59,Greed,2019-02-21 01:00:00
1550793600,61,Greed,2019-02-22 01:00:00
1550880000,63,Greed,2019-02-23 01:00:00
1550966400,69,Greed,2019-02-24 01:00:00
1551052800,47,Neutral,2019-02-25 01:00:00
1551139200,40,Fear,2019-02-26 01:00:00
1551225600,39,Fear,2019-02-27 01:00:00
1551312000,39,Fear,2019-02-28 01:00:00
1551398400,42,Fear,2019-03-01 01:00:00
1551484800,41,Fear,2019-03-02 01:00:00
1551571200,44,Fear,2019-03-03 01:00:00
1551657600,36,Fear,2019-03-04 01:00:00
1551744000,35,Fear,2019-03-05 01:00:00
1551830400,42,Fear,2019-03-06 01:00:00
1551916800,56,Greed,2019-03-07 01:00:00
1552003200,54,Neutral,2019-03-08 01:00:00
1552089600,55,Greed,2019-03-09 01:00:00
1552176000,55,Greed,2019-03-10 01:00:00
1552262400,56,Greed,2019-03-11 01:00:00
1552348800,56,Greed,2019-03-12 01:00:00
1552435200,54,Neutral,2019-03-13 01:00:00
1552521600,55,Greed,2019-03-14 01:00:00
1552608000,55,Greed,2019-03-15 01:00:00
1552694400,54,Neutral,2019-03-16 01:00:00
1552780800,58,Greed,2019-03-17 01:00:00
1552867200,56,Greed,2019-03-18 01:00:00
1552953600,56,Greed,2019-03-19 01:00:00
1553040000,55,Greed,2019-03-20 01:00:00
1553126400,62,Greed,2019-03-21 01:00:00
1553212800,56,Greed,2019-03-22 01:00:00
1553299200,50,Neutral,2019-03-23 01:00:00
1553385600,44,Fear,2019-03-24 01:00:00
1553472000,46,Fear,2019-03-25 01:00:00
1553558400,43,Fear,2019-03-26 01:00:00
1553644800,44,Fear,2019-03-27 01:00:00
1553731200,49,Neutral,2019-03-28 01:00:00
1553817600,50,Neutral,2019-03-29 01:00:00
1553904000,57,Greed,2019-03-30 01:00:00
1553990400,56,Greed,2019-03-31 01:00:00
1554076800,62,Greed,2019-04-01 02:00:00
1554163200,60,Greed,2019-04-02 02:00:00
1554249600,71,Greed,2019-04-03 02:00:00
1554336000,61,Greed,2019-04-04 02:00:00
1554422400,59,Greed,2019-04-05 02:00:00
1554508800,65,Greed,2019-04-06 02:00:00
1554595200,69,Greed,2019-04-07 02:00:00
1554681600,65,Greed,2019-04-08 02:00:00
1554768000,64,Greed,2019-04-09 02:00:00
1554854400,62,Greed,2019-04-10 02:00:00
1554940800,65,Greed,2019-04-11 02:00:00
1555027200,42,Fear,2019-04-12 02:00:00
1555113600,62,Greed,2019-04-13 02:00:00
1555200000,51,Neutral,2019-04-14 02:00:00
1555286400,60,Greed,2019-04-15 02:00:00
1555372800,50,Neutral,2019-04-16 02:00:00
1555459200,61,Greed,2019-04-17 02:00:00
1555545600,64,Greed,2019-04-18 02:00:00
1555632000,61,Greed,2019-04-19 02:00:00
1555718400,62,Greed,2019-04-20 02:00:00
1555804800,62,Greed,2019-04-21 02:00:00
1555891200,61,Greed,2019-04-22 02:00:00
1555977600,68,Greed,2019-04-23 02:00:00
1556064000,65,Greed,2019-04-24 02:00:00
1556150400,58,Greed,2019-04-25 02:00:00
1556236800,41,Fear,2019-04-26 02:00:00
1556323200,42,Fear,2019-04-27 02:00:00
1556409600,40,Fear,2019-04-28 02:00:00
1556496000,42,Fear,2019-04-29 02:00:00
1556582400,42,Fear,2019-04-30 02:00:00
1556668800,51,Neutral,2019-05-01 02:00:00
1556755200,50,Neutral,2019-05-02 02:00:00
1556841600,63,Greed,2019-05-03 02:00:00
1556928000,66,Greed,2019-05-04 02:00:00
1557014400,67,Greed,2019-05-05 02:00:00
1557100800,57,Greed,2019-05-06 02:00:00
1557187200,69,Greed,2019-05-07 02:00:00
1557273600,63,Greed,2019-05-08 02:00:00
1557360000,69,Greed,2019-05-09 02:00:00
1557446400,71,Greed,2019-05-10 02:00:00
1557532800,76,Extreme Greed,2019-05-11 02:00:00
1557619200,75,Greed,2019-05-12 02:00:00
1557705600,78,Extreme Greed,2019-05-13 02:00:00
1557792000,78,Extreme Greed,2019-05-14 02:00:00
1557878400,77,Extreme Greed,2019-05-15 02:00:00
1557964800,75,Greed,2019-05-16 02:00:00
1558051200,65,Greed,2019-05-17 02:00:00
1558137600,67,Greed,2019-05-18 02:00:00
1558224000,70,Greed,2019-05-19 02:00:00
1558310400,73,Greed,2019-05-20 02:00:00
1558396800,68,Greed,2019-05-21 02:00:00
1558483200,69,Greed,2019-05-22 02:00:00
1558569600,65,Greed,2019-05-23 02:00:00
1558656000,64,Greed,2019-05-24 02:00:00
1558742400,69,Greed,2019-05-25 02:00:00
1558828800,67,Greed,2019-05-26 02:00:00
1558915200,70,Greed,2019-05-27 02:00:00
1559001600,71,Greed,2019-05-28 02:00:00
1559088000,71,Greed,2019-05-29 02:00:00
1559174400,73,Greed,2019-05-30 02:00:00
1559260800,61,Greed,2019-05-31 02:00:00
1559347200,62,Greed,2019-06-01 02:00:00
1559433600,63,Greed,2019-06-02 02:00:00
1559520000,66,Greed,2019-06-03 02:00:00
1559606400,42,Fear,2019-06-04 02:00:00
1559692800,27,Fear,2019-06-05 02:00:00
1559779200,34,Fear,2019-06-06 02:00:00
1559865600,27,Fear,2019-06-07 02:00:00
1559952000,62,Greed,2019-06-08 02:00:00
1560038400,62,Greed,2019-06-09 02:00:00
1560124800,46,Fear,2019-06-10 02:00:00
1560211200,61,Greed,2019-06-11 02:00:00
1560297600,60,Greed,2019-06-12 02:00:00
1560384000,63,Greed,2019-06-13 02:00:00
1560470400,67,Greed,2019-06-14 02:00:00
1560556800,75,Greed,2019-06-15 02:00:00
1560643200,80,Extreme Greed,2019-06-16 02:00:00
1560729600,84,Extreme Greed,2019-06-17 02:00:00
1560816000,83,Extreme Greed,2019-06-18 02:00:00
1560902400,82,Extreme Greed,2019-06-19 02:00:00
1560988800,81,Extreme Greed,2019-06-20 02:00:00
1561075200,84,Extreme Greed,2019-06-21 02:00:00
1561161600,83,Extreme Greed,2019-06-22 02:00:00
1561248000,84,Extreme Greed,2019-06-23 02:00:00
1561334400,80,Extreme Greed,2019-06-24 02:00:00
1561420800,87,Extreme Greed,2019-06-25 02:00:00
1561507200,95,Extreme Greed,2019-06-26 02:00:00
1561593600,92,Extreme Greed,2019-06-27 02:00:00
1561680000,62,Greed,2019-06-28 02:00:00
1561766400,74,Greed,2019-06-29 02:00:00
1561852800,78,Extreme Greed,2019-06-30 02:00:00
1561939200,65,Greed,2019-07-01 02:00:00
1562025600,63,Greed,2019-07-02 02:00:00
1562112000,79,Extreme Greed,2019-07-03 02:00:00
1562198400,76,Extreme Greed,2019-07-04 02:00:00
1562284800,67,Greed,2019-07-05 02:00:00
1562371200,72,Greed,2019-07-06 02:00:00
1562457600,67,Greed,2019-07-07 02:00:00
1562544000,74,Greed,2019-07-08 02:00:00
1562630400,84,Extreme Greed,2019-07-09 02:00:00
1562716800,83,Extreme Greed,2019-07-10 02:00:00
1562803200,62,Greed,2019-07-11 02:00:00
1562889600,33,Fear,2019-07-12 02:00:00
1562976000,65,Greed,2019-07-13 02:00:00
1563062400,61,Greed,2019-07-14 02:00:00
1563148800,16,Extreme Fear,2019-07-15 02:00:00
1563235200,34,Fear,2019-07-16 02:00:00
1563321600,19,Extreme Fear,2019-07-17 02:00:00
1563408000,40,Fear,2019-07-18 02:00:00
1563494400,42,Fear,2019-07-19 02:00:00
1563580800,34,Fear,2019-07-20 02:00:00
1563667200,42,Fear,2019-07-21 02:00:00
1563753600,42,Fear,2019-07-22 02:00:00
1563840000,40,Fear,2019-07-23 02:00:00
1563926400,20,Extreme Fear,2019-07-24 02:00:00
1564012800,42,Fear,2019-07-25 02:00:00
1564099200,24,Extreme Fear,2019-07-26 02:00:00
1564185600,47,Neutral,2019-07-27 02:00:00
1564272000,16,Extreme Fear,2019-07-28 02:00:00
1564358400,19,Extreme Fear,2019-07-29 02:00:00
1564444800,22,Extreme Fear,2019-07-30 02:00:00
1564531200,31,Fear,2019-07-31 02:00:00
1564617600,57,Greed,2019-08-01 02:00:00
1564704000,61,Greed,2019-08-02 02:00:00
1564790400,61,Greed,2019-08-03 02:00:00
1564876800,62,Greed,2019-08-04 02:00:00
1564963200,64,Greed,2019-08-05 02:00:00
1565049600,66,Greed,2019-08-06 02:00:00
1565136000,45,Fear,2019-08-07 02:00:00
1565222400,61,Greed,2019-08-08 02:00:00
1565308800,60,Greed,2019-08-09 02:00:00
1565395200,59,Greed,2019-08-10 02:00:00
1565481600,45,Fear,2019-08-11 02:00:00
1565568000,48,Neutral,2019-08-12 02:00:00
1565654400,45,Fear,2019-08-13 02:00:00
1565740800,11,Extreme Fear,2019-08-14 02:00:00
1565827200,13,Extreme Fear,2019-08-15 02:00:00
1565913600,31,Fear,2019-08-16 02:00:00
1566000000,20,Extreme Fear,2019-08-17 02:00:00
1566086400,14,Extreme Fear,2019-08-18 02:00:00
1566172800,30,Fear,2019-08-19 02:00:00
1566259200,39,Fear,2019-08-20 02:00:00
1566345600,11,Extreme Fear,2019-08-21 02:00:00
1566432000,5,Extreme Fear,2019-08-22 02:00:00
1566518400,33,Fear,2019-08-23 02:00:00
1566604800,39,Fear,2019-08-24 02:00:00
1566691200,33,Fear,2019-08-25 02:00:00
1566777600,41,Fear,2019-08-26 02:00:00
1566864000,30,Fear,2019-08-27 02:00:00
1566950400,32,Fear,2019-08-28 02:00:00
1567036800,20,Extreme Fear,2019-08-29 02:00:00
1567123200,24,Extreme Fear,2019-08-30 02:00:00
1567209600,20,Extreme Fear,2019-08-31 02:00:00
1567296000,24,Extreme Fear,2019-09-01 02:00:00
1567382400,28,Fear,2019-09-02 02:00:00
1567468800,41,Fear,2019-09-03 02:00:00
1567555200,43,Fear,2019-09-04 02:00:00
1567641600,41,Fear,2019-09-05 02:00:00
1567728000,43,Fear,2019-09-06 02:00:00
1567814400,39,Fear,2019-09-07 02:00:00
1567900800,43,Fear,2019-09-08 02:00:00
1567987200,41,Fear,2019-09-09 02:00:00
1568073600,41,Fear,2019-09-10 02:00:00
1568160000,38,Fear,2019-09-11 02:00:00
1568246400,39,Fear,2019-09-12 02:00:00
1568332800,38,Fear,2019-09-13 02:00:00
1568419200,39,Fear,2019-09-14 02:00:00
1568505600,38,Fear,2019-09-15 02:00:00
1568592000,38,Fear,2019-09-16 02:00:00
1568678400,41,Fear,2019-09-17 02:00:00
1568764800,38,Fear,2019-09-18 02:00:00
1568851200,31,Fear,2019-09-19 02:00:00
1568937600,41,Fear,2019-09-20 02:00:00
1569024000,37,Fear,2019-09-21 02:00:00
1569110400,37,Fear,2019-09-22 02:00:00
1569196800,41,Fear,2019-09-23 02:00:00
1569283200,39,Fear,2019-09-24 02:00:00
1569369600,15,Extreme Fear,2019-09-25 02:00:00
1569456000,12,Extreme Fear,2019-09-26 02:00:00
1569542400,24,Extreme Fear,2019-09-27 02:00:00
1569628800,32,Fear,2019-09-28 02:00:00
1569715200,33,Fear,2019-09-29 02:00:00
1569801600,27,Fear,2019-09-30 02:00:00
1569888000,38,Fear,2019-10-01 02:00:00
1569974400,39,Fear,2019-10-02 02:00:00
1570060800,37,Fear,2019-10-03 02:00:00
1570147200,30,Fear,2019-10-04 02:00:00
1570233600,31,Fear,2019-10-05 02:00:00
1570320000,32,Fear,2019-10-06 02:00:00
1570406400,27,Fear,2019-10-07 02:00:00
1570492800,39,Fear,2019-10-08 02:00:00
1570579200,37,Fear,2019-10-09 02:00:00
1570665600,41,Fear,2019-10-10 02:00:00
1570752000,39,Fear,2019-10-11 02:00:00
1570838400,38,Fear,2019-10-12 02:00:00
1570924800,38,Fear,2019-10-13 02:00:00
1571011200,37,Fear,2019-10-14 02:00:00
1571097600,39,Fear,2019-10-15 02:00:00
1571184000,40,Fear,2019-10-16 02:00:00
1571270400,40,Fear,2019-10-17 02:00:00
1571356800,40,Fear,2019-10-18 02:00:00
1571443200,41,Fear,2019-10-19 02:00:00
1571529600,37,Fear,2019-10-20 02:00:00
1571616000,37,Fear,2019-10-21 02:00:00
1571702400,39,Fear,2019-10-22 02:00:00
1571788800,33,Fear,2019-10-23 02:00:00
1571875200,20,Extreme Fear,2019-10-24 02:00:00
1571961600,24,Extreme Fear,2019-10-25 02:00:00
1572048000,53,Neutral,2019-10-26 02:00:00
1572134400,50,Neutral,2019-10-27 02:00:00
1572220800,52,Neutral,2019-10-28 01:00:00
1572307200,54,Neutral,2019-10-29 01:00:00
1572393600,53,Neutral,2019-10-30 01:00:00
1572480000,50,Neutral,2019-10-31 01:00:00
1572566400,49,Neutral,2019-11-01 01:00:00
1572652800,51,Neutral,2019-11-02 01:00:00
1572739200,56,Greed,2019-11-03 01:00:00
1572825600,49,Neutral,2019-11-04 01:00:00
1572912000,54,Neutral,2019-11-05 01:00:00
1572998400,53,Neutral,2019-11-06 01:00:00
1573084800,54,Neutral,2019-11-07 01:00:00
1573171200,42,Fear,2019-11-08 01:00:00
1573257600,38,Fear,2019-11-09 01:00:00
1573344000,39,Fear,2019-11-10 01:00:00
1573430400,40,Fear,2019-11-11 01:00:00
1573516800,39,Fear,2019-11-12 01:00:00
1573603200,38,Fear,2019-11-13 01:00:00
1573689600,41,Fear,2019-11-14 01:00:00
1573776000,38,Fear,2019-11-15 01:00:00
1573862400,41,Fear,2019-11-16 01:00:00
1573948800,38,Fear,2019-11-17 01:00:00
1574035200,38,Fear,2019-11-18 01:00:00
1574121600,32,Fear,2019-11-19 01:00:00
1574208000,32,Fear,2019-11-20 01:00:00
1574294400,30,Fear,2019-11-21 01:00:00
1574380800,20,Extreme Fear,2019-11-22 01:00:00
1574467200,23,Extreme Fear,2019-11-23 01:00:00
1574553600,21,Extreme Fear,2019-11-24 01:00:00
1574640000,17,Extreme Fear,2019-11-25 01:00:00
1574726400,21,Extreme Fear,2019-11-26 01:00:00
1574812800,20,Extreme Fear,2019-11-27 01:00:00
1574899200,32,Fear,2019-11-28 01:00:00
1574985600,31,Fear,2019-11-29 01:00:00
1575072000,38,Fear,2019-11-30 01:00:00
1575158400,25,Extreme Fear,2019-12-01 01:00:00
1575244800,28,Fear,2019-12-02 01:00:00
1575331200,28,Fear,2019-12-03 01:00:00
1575417600,24,Extreme Fear,2019-12-04 01:00:00
1575504000,21,Extreme Fear,2019-12-05 01:00:00
1575590400,29,Fear,2019-12-06 01:00:00
1575676800,32,Fear,2019-12-07 01:00:00
1575763200,28,Fear,2019-12-08 01:00:00
1575849600,32,Fear,2019-12-09 01:00:00
1575936000,26,Fear,2019-12-10 01:00:00
1576022400,20,Extreme Fear,2019-12-11 01:00:00
1576108800,23,Extreme Fear,2019-12-12 01:00:00
1576195200,22,Extreme Fear,2019-12-13 01:00:00
1576281600,27,Fear,2019-12-14 01:00:00
1576368000,21,Extreme Fear,2019-12-15 01:00:00
1576454400,24,Extreme Fear,2019-12-16 01:00:00
1576540800,23,Extreme Fear,2019-12-17 01:00:00
1576627200,15,Extreme Fear,2019-12-18 01:00:00
1576713600,21,Extreme Fear,2019-12-19 01:00:00
1576800000,23,Extreme Fear,2019-12-20 01:00:00
1576886400,23,Extreme Fear,2019-12-21 01:00:00
1576972800,20,Extreme Fear,2019-12-22 01:00:00
1577059200,33,Fear,2019-12-23 01:00:00
1577145600,25,Extreme Fear,2019-12-24 01:00:00
1577232000,22,Extreme Fear,2019-12-25 01:00:00
1577318400,39,Fear,2019-12-26 01:00:00
1577404800,38,Fear,2019-12-27 01:00:00
1577491200,37,Fear,2019-12-28 01:00:00
1577577600,37,Fear,2019-12-29 01:00:00
1577664000,40,Fear,2019-12-30 01:00:00
1577750400,38,Fear,2019-12-31 01:00:00
1577836800,37,Fear,2020-01-01 01:00:00
1577923200,39,Fear,2020-01-02 01:00:00
1578009600,38,Fear,2020-01-03 01:00:00
1578096000,38,Fear,2020-01-04 01:00:00
1578182400,39,Fear,2020-01-05 01:00:00
1578268800,41,Fear,2020-01-06 01:00:00
1578355200,40,Fear,2020-01-07 01:00:00
1578441600,51,Neutral,2020-01-08 01:00:00
1578528000,44,Fear,2020-01-09 01:00:00
1578614400,41,Fear,2020-01-10 01:00:00
1578700800,50,Neutral,2020-01-11 01:00:00
1578787200,45,Fear,2020-01-12 01:00:00
1578873600,49,Neutral,2020-01-13 01:00:00
1578960000,56,Greed,2020-01-14 01:00:00
1579046400,54,Neutral,2020-01-15 01:00:00
1579132800,55,Greed,2020-01-16 01:00:00
1579219200,54,Neutral,2020-01-17 01:00:00
1579305600,51,Neutral,2020-01-18 01:00:00
1579392000,53,Neutral,2020-01-19 01:00:00
1579478400,48,Neutral,2020-01-20 01:00:00
1579564800,49,Neutral,2020-01-21 01:00:00
1579651200,52,Neutral,2020-01-22 01:00:00
1579737600,49,Neutral,2020-01-23 01:00:00
1579824000,40,Fear,2020-01-24 01:00:00
1579910400,41,Fear,2020-01-25 01:00:00
1579996800,42,Fear,2020-01-26 01:00:00
1580083200,50,Neutral,2020-01-27 01:00:00
1580169600,54,Neutral,2020-01-28 01:00:00
1580256000,57,Greed,2020-01-29 01:00:00
1580342400,57,Greed,2020-01-30 01:00:00
1580428800,55,Greed,2020-01-31 01:00:00
1580515200,57,Greed,2020-02-01 01:00:00
1580601600,57,Greed,2020-02-02 01:00:00
1580688000,59,Greed,2020-02-03 01:00:00
1580774400,56,Greed,2020-02-04 01:00:00
1580860800,53,Neutral,2020-02-05 01:00:00
1580947200,61,Greed,2020-02-06 01:00:00
1581033600,56,Greed,2020-02-07 01:00:00
1581120000,56,Greed,2020-02-08 01:00:00
1581206400,56,Greed,2020-02-09 01:00:00
1581292800,57,Greed,2020-02-10 01:00:00
1581379200,52,Neutral,2020-02-11 01:00:00
1581465600,61,Greed,2020-02-12 01:00:00
1581552000,65,Greed,2020-02-13 01:00:00
1581638400,63,Greed,2020-02-14 01:00:00
1581724800,64,Greed,2020-02-15 01:00:00
1581811200,59,Greed,2020-02-16 01:00:00
1581897600,49,Neutral,2020-02-17 01:00:00
1581984000,53,Neutral,2020-02-18 01:00:00
1582070400,50,Neutral,2020-02-19 01:00:00
1582156800,44,Fear,2020-02-20 01:00:00
1582243200,44,Fear,2020-02-21 01:00:00
1582329600,43,Fear,2020-02-22 01:00:00
1582416000,46,Fear,2020-02-23 01:00:00
1582502400,46,Fear,2020-02-24 01:00:00
1582588800,44,Fear,2020-02-25 01:00:00
1582675200,41,Fear,2020-02-26 01:00:00
1582761600,39,Fear,2020-02-27 01:00:00
1582848000,40,Fear,2020-02-28 01:00:00
1582934400,38,Fear,2020-02-29 01:00:00
1583020800,39,Fear,2020-03-01 01:00:00
1583107200,38,Fear,2020-03-02 01:00:00
1583193600,38,Fear,2020-03-03 01:00:00
1583280000,40,Fear,2020-03-04 01:00:00
1583366400,41,Fear,2020-03-05 01:00:00
1583452800,39,Fear,2020-03-06 01:00:00
1583539200,38,Fear,2020-03-07 01:00:00
1583625600,33,Fear,2020-03-08 01:00:00
1583712000,17,Extreme Fear,2020-03-09 01:00:00
1583798400,16,Extreme Fear,2020-03-10 01:00:00
1583884800,17,Extreme Fear,2020-03-11 01:00:00
1583971200,14,Extreme Fear,2020-03-12 01:00:00
1584057600,10,Extreme Fear,2020-03-13 01:00:00
1584144000,8,Extreme Fear,2020-03-14 01:00:00
1584230400,12,Extreme Fear,2020-03-15 01:00:00
1584316800,9,Extreme Fear,2020-03-16 01:00:00
1584403200,8,Extreme Fear,2020-03-17 01:00:00
1584489600,11,Extreme Fear,2020-03-18 01:00:00
1584576000,12,Extreme Fear,2020-03-19 01:00:00
1584662400,9,Extreme Fear,2020-03-20 01:00:00
1584748800,9,Extreme Fear,2020-03-21 01:00:00
1584835200,11,Extreme Fear,2020-03-22 01:00:00
1584921600,10,Extreme Fear,2020-03-23 01:00:00
1585008000,12,Extreme Fear,2020-03-24 01:00:00
1585094400,13,Extreme Fear,2020-03-25 01:00:00
1585180800,14,Extreme Fear,2020-03-26 01:00:00
1585267200,12,Extreme Fear,2020-03-27 01:00:00
1585353600,8,Extreme Fear,2020-03-28 01:00:00
1585440000,12,Extreme Fear,2020-03-29 01:00:00
1585526400,10,Extreme Fear,2020-03-30 02:00:00
1585612800,12,Extreme Fear,2020-03-31 02:00:00
1585699200,12,Extreme Fear,2020-04-01 02:00:00
1585785600,14,Extreme Fear,2020-04-02 02:00:00
1585872000,14,Extreme Fear,2020-04-03 02:00:00
1585958400,12,Extreme Fear,2020-04-04 02:00:00
1586044800,12,Extreme Fear,2020-04-05 02:00:00
1586131200,12,Extreme Fear,2020-04-06 02:00:00
1586217600,20,Extreme Fear,2020-04-07 02:00:00
1586304000,21,Extreme Fear,2020-04-08 02:00:00
1586390400,22,Extreme Fear,2020-04-09 02:00:00
1586476800,15,Extreme Fear,2020-04-10 02:00:00
1586563200,15,Extreme Fear,2020-04-11 02:00:00
1586649600,10,Extreme Fear,2020-04-12 02:00:00
1586736000,11,Extreme Fear,2020-04-13 02:00:00
1586822400,15,Extreme Fear,2020-04-14 02:00:00
1586908800,18,Extreme Fear,2020-04-15 02:00:00
1586995200,13,Extreme Fear,2020-04-16 02:00:00
1587081600,15,Extreme Fear,2020-04-17 02:00:00
1587168000,18,Extreme Fear,2020-04-18 02:00:00
1587254400,16,Extreme Fear,2020-04-19 02:00:00
1587340800,15,Extreme Fear,2020-04-20 02:00:00
1587427200,17,Extreme Fear,2020-04-21 02:00:00
1587513600,19,Extreme Fear,2020-04-22 02:00:00
1587600000,19,Extreme Fear,2020-04-23 02:00:00
1587686400,20,Extreme Fear,2020-04-24 02:00:00
1587772800,24,Extreme Fear,2020-04-25 02:00:00
1587859200,21,Extreme Fear,2020-04-26 02:00:00
1587945600,28,Fear,2020-04-27 02:00:00
1588032000,26,Fear,2020-04-28 02:00:00
1588118400,26,Fear,2020-04-29 02:00:00
1588204800,44,Fear,2020-04-30 02:00:00
1588291200,40,Fear,2020-05-01 02:00:00
1588377600,40,Fear,2020-05-02 02:00:00
1588464000,45,Fear,2020-05-03 02:00:00
1588550400,44,Fear,2020-05-04 02:00:00
1588636800,40,Fear,2020-05-05 02:00:00
1588723200,42,Fear,2020-05-06 02:00:00
1588809600,49,Neutral,2020-05-07 02:00:00
1588896000,55,Greed,2020-05-08 02:00:00
1588982400,56,Greed,2020-05-09 02:00:00
1589068800,48,Neutral,2020-05-10 02:00:00
1589155200,40,Fear,2020-05-11 02:00:00
1589241600,39,Fear,2020-05-12 02:00:00
1589328000,41,Fear,2020-05-13 02:00:00
1589414400,40,Fear,2020-05-14 02:00:00
1589500800,44,Fear,2020-05-15 02:00:00
1589587200,41,Fear,2020-05-16 02:00:00
1589673600,40,Fear,2020-05-17 02:00:00
1589760000,50,Neutral,2020-05-18 02:00:00
1589846400,50,Neutral,2020-05-19 02:00:00
1589932800,52,Neutral,2020-05-20 02:00:00
1590019200,49,Neutral,2020-05-21 02:00:00
1590105600,42,Fear,2020-05-22 02:00:00
1590192000,40,Fear,2020-05-23 02:00:00
1590278400,43,Fear,2020-05-24 02:00:00
1590364800,41,Fear,2020-05-25 02:00:00
1590451200,39,Fear,2020-05-26 02:00:00
1590537600,39,Fear,2020-05-27 02:00:00
1590624000,41,Fear,2020-05-28 02:00:00
1590710400,48,Neutral,2020-05-29 02:00:00
1590796800,48,Neutral,2020-05-30 02:00:00
1590883200,51,Neutral,2020-05-31 02:00:00
1590969600,50,Neutral,2020-06-01 02:00:00
1591056000,56,Greed,2020-06-02 02:00:00
1591142400,48,Neutral,2020-06-03 02:00:00
1591228800,54,Neutral,2020-06-04 02:00:00
1591315200,53,Neutral,2020-06-05 02:00:00
1591401600,54,Neutral,2020-06-06 02:00:00
1591488000,54,Neutral,2020-06-07 02:00:00
1591574400,53,Neutral,2020-06-08 02:00:00
1591660800,52,Neutral,2020-06-09 02:00:00
1591747200,54,Neutral,2020-06-10 02:00:00
1591833600,52,Neutral,2020-06-11 02:00:00
1591920000,38,Fear,2020-06-12 02:00:00
1592006400,38,Fear,2020-06-13 02:00:00
1592092800,40,Fear,2020-06-14 02:00:00
1592179200,37,Fear,2020-06-15 02:00:00
1592265600,39,Fear,2020-06-16 02:00:00
1592352000,38,Fear,2020-06-17 02:00:00
1592438400,40,Fear,2020-06-18 02:00:00
1592524800,39,Fear,2020-06-19 02:00:00
1592611200,38,Fear,2020-06-20 02:00:00
1592697600,37,Fear,2020-06-21 02:00:00
1592784000,38,Fear,2020-06-22 02:00:00
1592870400,41,Fear,2020-06-23 02:00:00
1592956800,50,Neutral,2020-06-24 02:00:00
1593043200,43,Fear,2020-06-25 02:00:00
1593129600,40,Fear,2020-06-26 02:00:00
1593216000,43,Fear,2020-06-27 02:00:00
1593302400,40,Fear,2020-06-28 02:00:00
1593388800,41,Fear,2020-06-29 02:00:00
1593475200,44,Fear,2020-06-30 02:00:00
1593561600,42,Fear,2020-07-01 02:00:00
1593648000,42,Fear,2020-07-02 02:00:00
1593734400,41,Fear,2020-07-03 02:00:00
1593820800,40,Fear,2020-07-04 02:00:00
1593907200,38,Fear,2020-07-05 02:00:00
1593993600,40,Fear,2020-07-06 02:00:00
1594080000,43,Fear,2020-07-07 02:00:00
1594166400,44,Fear,2020-07-08 02:00:00
1594252800,44,Fear,2020-07-09 02:00:00
1594339200,41,Fear,2020-07-10 02:00:00
1594425600,44,Fear,2020-07-11 02:00:00
1594512000,41,Fear,2020-07-12 02:00:00
1594598400,43,Fear,2020-07-13 02:00:00
1594684800,43,Fear,2020-07-14 02:00:00
1594771200,44,Fear,2020-07-15 02:00:00
1594857600,43,Fear,2020-07-16 02:00:00
1594944000,41,Fear,2020-07-17 02:00:00
1595030400,44,Fear,2020-07-18 02:00:00
1595116800,41,Fear,2020-07-19 02:00:00
1595203200,44,Fear,2020-07-20 02:00:00
1595289600,44,Fear,2020-07-21 02:00:00
1595376000,50,Neutral,2020-07-22 02:00:00
1595462400,55,Greed,2020-07-23 02:00:00
1595548800,53,Neutral,2020-07-24 02:00:00
1595635200,55,Greed,2020-07-25 02:00:00
1595721600,55,Greed,2020-07-26 02:00:00
1595808000,58,Greed,2020-07-27 02:00:00
1595894400,76,Extreme Greed,2020-07-28 02:00:00
1595980800,71,Greed,2020-07-29 02:00:00
1596067200,76,Extreme Greed,2020-07-30 02:00:00
1596153600,75,Greed,2020-07-31 02:00:00
1596240000,75,Greed,2020-08-01 02:00:00
1596326400,80,Extreme Greed,2020-08-02 02:00:00
1596412800,75,Greed,2020-08-03 02:00:00
1596499200,72,Greed,2020-08-04 02:00:00
1596585600,75,Greed,2020-08-05 02:00:00
1596672000,79,Extreme Greed,2020-08-06 02:00:00
1596758400,77,Extreme Greed,2020-08-07 02:00:00
1596844800,77,Extreme Greed,2020-08-08 02:00:00
1596931200,79,Extreme Greed,2020-08-09 02:00:00
1597017600,78,Extreme Greed,2020-08-10 02:00:00
1597104000,84,Extreme Greed,2020-08-11 02:00:00
1597190400,75,Greed,2020-08-12 02:00:00
1597276800,75,Greed,2020-08-13 02:00:00
1597363200,78,Extreme Greed,2020-08-14 02:00:00
1597449600,79,Extreme Greed,2020-08-15 02:00:00
1597536000,82,Extreme Greed,2020-08-16 02:00:00
1597622400,83,Extreme Greed,2020-08-17 02:00:00
1597708800,82,Extreme Greed,2020-08-18 02:00:00
1597795200,80,Extreme Greed,2020-08-19 02:00:00
1597881600,75,Greed,2020-08-20 02:00:00
1597968000,81,Extreme Greed,2020-08-21 02:00:00
1598054400,78,Extreme Greed,2020-08-22 02:00:00
1598140800,76,Extreme Greed,2020-08-23 02:00:00
1598227200,78,Extreme Greed,2020-08-24 02:00:00
1598313600,75,Greed,2020-08-25 02:00:00
1598400000,76,Extreme Greed,2020-08-26 02:00:00
1598486400,75,Greed,2020-08-27 02:00:00
1598572800,74,Greed,2020-08-28 02:00:00
1598659200,79,Extreme Greed,2020-08-29 02:00:00
1598745600,75,Greed,2020-08-30 02:00:00
1598832000,75,Greed,2020-08-31 02:00:00
1598918400,75,Greed,2020-09-01 02:00:00
1599004800,83,Extreme Greed,2020-09-02 02:00:00
1599091200,79,Extreme Greed,2020-09-03 02:00:00
1599177600,40,Fear,2020-09-04 02:00:00
1599264000,41,Fear,2020-09-05 02:00:00
1599350400,41,Fear,2020-09-06 02:00:00
1599436800,41,Fear,2020-09-07 02:00:00
1599523200,41,Fear,2020-09-08 02:00:00
1599609600,38,Fear,2020-09-09 02:00:00
1599696000,38,Fear,2020-09-10 02:00:00
1599782400,41,Fear,2020-09-11 02:00:00
1599868800,41,Fear,2020-09-12 02:00:00
1599955200,38,Fear,2020-09-13 02:00:00
1600041600,39,Fear,2020-09-14 02:00:00
1600128000,47,Neutral,2020-09-15 02:00:00
1600214400,43,Fear,2020-09-16 02:00:00
1600300800,48,Neutral,2020-09-17 02:00:00
1600387200,49,Neutral,2020-09-18 02:00:00
1600473600,48,Neutral,2020-09-19 02:00:00
1600560000,52,Neutral,2020-09-20 02:00:00
1600646400,48,Neutral,2020-09-21 02:00:00
1600732800,39,Fear,2020-09-22 02:00:00
1600819200,43,Fear,2020-09-23 02:00:00
1600905600,39,Fear,2020-09-24 02:00:00
1600992000,46,Fear,2020-09-25 02:00:00
1601078400,45,Fear,2020-09-26 02:00:00
1601164800,47,Neutral,2020-09-27 02:00:00
1601251200,43,Fear,2020-09-28 02:00:00
1601337600,45,Fear,2020-09-29 02:00:00
1601424000,49,Neutral,2020-09-30 02:00:00
1601510400,45,Fear,2020-10-01 02:00:00
1601596800,41,Fear,2020-10-02 02:00:00
1601683200,40,Fear,2020-10-03 02:00:00
1601769600,42,Fear,2020-10-04 02:00:00
1601856000,42,Fear,2020-10-05 02:00:00
1601942400,47,Neutral,2020-10-06 02:00:00
1602028800,43,Fear,2020-10-07 02:00:00
1602115200,46,Fear,2020-10-08 02:00:00
1602201600,48,Neutral,2020-10-09 02:00:00
1602288000,53,Neutral,2020-10-10 02:00:00
1602374400,55,Greed,2020-10-11 02:00:00
1602460800,52,Neutral,2020-10-12 02:00:00
1602547200,56,Greed,2020-10-13 02:00:00
1602633600,53,Neutral,2020-10-14 02:00:00
1602720000,56,Greed,2020-10-15 02:00:00
1602806400,52,Neutral,2020-10-16 02:00:00
1602892800,56,Greed,2020-10-17 02:00:00
1602979200,55,Greed,2020-10-18 02:00:00
1603065600,55,Greed,2020-10-19 02:00:00
1603152000,56,Greed,2020-10-20 02:00:00
1603238400,61,Greed,2020-10-21 02:00:00
1603324800,73,Greed,2020-10-22 02:00:00
1603411200,74,Greed,2020-10-23 02:00:00
1603497600,73,Greed,2020-10-24 02:00:00
1603584000,76,Extreme Greed,2020-10-25 02:00:00
1603670400,75,Greed,2020-10-26 01:00:00
1603756800,61,Greed,2020-10-27 01:00:00
1603843200,70,Greed,2020-10-28 01:00:00
1603929600,67,Greed,2020-10-29 01:00:00
1604016000,74,Greed,2020-10-30 01:00:00
1604102400,73,Greed,2020-10-31 01:00:00
1604188800,72,Greed,2020-11-01 01:00:00
1604275200,71,Greed,2020-11-02 01:00:00
1604361600,71,Greed,2020-11-03 01:00:00
1604448000,74,Greed,2020-11-04 01:00:00
1604534400,72,Greed,2020-11-05 01:00:00
1604620800,90,Extreme Greed,2020-11-06 01:00:00
1604707200,88,Extreme Greed,2020-11-07 01:00:00
1604793600,82,Extreme Greed,2020-11-08 01:00:00
1604880000,90,Extreme Greed,2020-11-09 01:00:00
1604966400,90,Extreme Greed,2020-11-10 01:00:00
1605052800,86,Extreme Greed,2020-11-11 01:00:00
1605139200,87,Extreme Greed,2020-11-12 01:00:00
1605225600,89,Extreme Greed,2020-11-13 01:00:00
1605312000,90,Extreme Greed,2020-11-14 01:00:00
1605398400,86,Extreme Greed,2020-11-15 01:00:00
1605484800,90,Extreme Greed,2020-11-16 01:00:00
1605571200,86,Extreme Greed,2020-11-17 01:00:00
1605657600,91,Extreme Greed,2020-11-18 01:00:00
1605744000,94,Extreme Greed,2020-11-19 01:00:00
1605830400,86,Extreme Greed,2020-11-20 01:00:00
1605916800,91,Extreme Greed,2020-11-21 01:00:00
1606003200,94,Extreme Greed,2020-11-22 01:00:00
1606089600,90,Extreme Greed,2020-11-23 01:00:00
1606176000,88,Extreme Greed,2020-11-24 01:00:00
1606262400,94,Extreme Greed,2020-11-25 01:00:00
1606348800,93,Extreme Greed,2020-11-26 01:00:00
1606435200,86,Extreme Greed,2020-11-27 01:00:00
1606521600,87,Extreme Greed,2020-11-28 01:00:00
1606608000,89,Extreme Greed,2020-11-29 01:00:00
1606694400,88,Extreme Greed,2020-11-30 01:00:00
1606780800,95,Extreme Greed,2020-12-01 01:00:00
1606867200,92,Extreme Greed,2020-12-02 01:00:00
1606953600,92,Extreme Greed,2020-12-03 01:00:00
1607040000,92,Extreme Greed,2020-12-04 01:00:00
1607126400,93,Extreme Greed,2020-12-05 01:00:00
1607212800,95,Extreme Greed,2020-12-06 01:00:00
1607299200,94,Extreme Greed,2020-12-07 01:00:00
1607385600,95,Extreme Greed,2020-12-08 01:00:00
1607472000,86,Extreme Greed,2020-12-09 01:00:00
1607558400,94,Extreme Greed,2020-12-10 01:00:00
1607644800,89,Extreme Greed,2020-12-11 01:00:00
1607731200,90,Extreme Greed,2020-12-12 01:00:00
1607817600,91,Extreme Greed,2020-12-13 01:00:00
1607904000,95,Extreme Greed,2020-12-14 01:00:00
1607990400,91,Extreme Greed,2020-12-15 01:00:00
1608076800,92,Extreme Greed,2020-12-16 01:00:00
1608163200,92,Extreme Greed,2020-12-17 01:00:00
1608249600,95,Extreme Greed,2020-12-18 01:00:00
1608336000,93,Extreme Greed,2020-12-19 01:00:00
1608422400,92,Extreme Greed,2020-12-20 01:00:00
1608508800,92,Extreme Greed,2020-12-21 01:00:00
1608595200,88,Extreme Greed,2020-12-22 01:00:00
1608681600,93,Extreme Greed,2020-12-23 01:00:00
1608768000,86,Extreme Greed,2020-12-24 01:00:00
1608854400,94,Extreme Greed,2020-12-25 01:00:00
1608940800,93,Extreme Greed,2020-12-26 01:00:00
1609027200,91,Extreme Greed,2020-12-27 01:00:00
1609113600,92,Extreme Greed,2020-12-28 01:00:00
1609200000,91,Extreme Greed,2020-12-29 01:00:00
1609286400,91,Extreme Greed,2020-12-30 01:00:00
1609372800,95,Extreme Greed,2020-12-31 01:00:00
1609459200,94,Extreme Greed,2021-01-01 01:00:00
1609545600,94,Extreme Greed,2021-01-02 01:00:00
1609632000,93,Extreme Greed,2021-01-03 01:00:00
1609718400,94,Extreme Greed,2021-01-04 01:00:00
1609804800,93,Extreme Greed,2021-01-05 01:00:00
1609891200,95,Extreme Greed,2021-01-06 01:00:00
1609977600,91,Extreme Greed,2021-01-07 01:00:00
1610064000,93,Extreme Greed,2021-01-08 01:00:00
1610150400,93,Extreme Greed,2021-01-09 01:00:00
1610236800,94,Extreme Greed,2021-01-10 01:00:00
1610323200,90,Extreme Greed,2021-01-11 01:00:00
1610409600,84,Extreme Greed,2021-01-12 01:00:00
1610496000,78,Extreme Greed,2021-01-13 01:00:00
1610582400,83,Extreme Greed,2021-01-14 01:00:00
1610668800,88,Extreme Greed,2021-01-15 01:00:00
1610755200,84,Extreme Greed,2021-01-16 01:00:00
1610841600,79,Extreme Greed,2021-01-17 01:00:00
1610928000,79,Extreme Greed,2021-01-18 01:00:00
1611014400,80,Extreme Greed,2021-01-19 01:00:00
1611100800,78,Extreme Greed,2021-01-20 01:00:00
1611187200,75,Greed,2021-01-21 01:00:00
1611273600,40,Fear,2021-01-22 01:00:00
1611360000,74,Greed,2021-01-23 01:00:00
1611446400,70,Greed,2021-01-24 01:00:00
1611532800,74,Greed,2021-01-25 01:00:00
1611619200,71,Greed,2021-01-26 01:00:00
1611705600,78,Extreme Greed,2021-01-27 01:00:00
1611792000,55,Greed,2021-01-28 01:00:00
1611878400,77,Extreme Greed,2021-01-29 01:00:00
1611964800,76,Extreme Greed,2021-01-30 01:00:00
1612051200,78,Extreme Greed,2021-01-31 01:00:00
1612137600,77,Extreme Greed,2021-02-01 01:00:00
1612224000,76,Extreme Greed,2021-02-02 01:00:00
1612310400,78,Extreme Greed,2021-02-03 01:00:00
1612396800,80,Extreme Greed,2021-02-04 01:00:00
1612483200,81,Extreme Greed,2021-02-05 01:00:00
1612569600,84,Extreme Greed,2021-02-06 01:00:00
1612656000,86,Extreme Greed,2021-02-07 01:00:00
1612742400,83,Extreme Greed,2021-02-08 01:00:00
1612828800,95,Extreme Greed,2021-02-09 01:00:00
1612915200,92,Extreme Greed,2021-02-10 01:00:00
1613001600,93,Extreme Greed,2021-02-11 01:00:00
1613088000,92,Extreme Greed,2021-02-12 01:00:00
1613174400,92,Extreme Greed,2021-02-13 01:00:00
1613260800,95,Extreme Greed,2021-02-14 01:00:00
1613347200,93,Extreme Greed,2021-02-15 01:00:00
1613433600,95,Extreme Greed,2021-02-16 01:00:00
1613520000,95,Extreme Greed,2021-02-17 01:00:00
1613606400,91,Extreme Greed,2021-02-18 01:00:00
1613692800,93,Extreme Greed,2021-02-19 01:00:00
1613779200,91,Extreme Greed,2021-02-20 01:00:00
1613865600,91,Extreme Greed,2021-02-21 01:00:00
1613952000,94,Extreme Greed,2021-02-22 01:00:00
1614038400,94,Extreme Greed,2021-02-23 01:00:00
1614124800,76,Extreme Greed,2021-02-24 01:00:00
1614211200,79,Extreme Greed,2021-02-25 01:00:00
1614297600,55,Greed,2021-02-26 01:00:00
1614384000,56,Greed,2021-02-27 01:00:00
1614470400,55,Greed,2021-02-28 01:00:00
1614556800,38,Fear,2021-03-01 01:00:00
1614643200,78,Extreme Greed,2021-03-02 01:00:00
1614729600,78,Extreme Greed,2021-03-03 01:00:00
1614816000,84,Extreme Greed,2021-03-04 01:00:00
1614902400,77,Extreme Greed,2021-03-05 01:00:00
1614988800,77,Extreme Greed,2021-03-06 01:00:00
1615075200,76,Extreme Greed,2021-03-07 01:00:00
1615161600,81,Extreme Greed,2021-03-08 01:00:00
1615248000,81,Extreme Greed,2021-03-09 01:00:00
1615334400,68,Greed,2021-03-10 01:00:00
1615420800,73,Greed,2021-03-11 01:00:00
1615507200,70,Greed,2021-03-12 01:00:00
1615593600,74,Greed,2021-03-13 01:00:00
1615680000,78,Extreme Greed,2021-03-14 01:00:00
1615766400,76,Extreme Greed,2021-03-15 01:00:00
1615852800,71,Greed,2021-03-16 01:00:00
1615939200,71,Greed,2021-03-17 01:00:00
1616025600,72,Greed,2021-03-18 01:00:00
1616112000,71,Greed,2021-03-19 01:00:00
1616198400,75,Greed,2021-03-20 01:00:00
1616284800,73,Greed,2021-03-21 01:00:00
1616371200,70,Greed,2021-03-22 01:00:00
1616457600,66,Greed,2021-03-23 01:00:00
1616544000,65,Greed,2021-03-24 01:00:00
1616630400,60,Greed,2021-03-25 01:00:00
1616716800,54,Neutral,2021-03-26 01:00:00
1616803200,65,Greed,2021-03-27 01:00:00
1616889600,74,Greed,2021-03-28 01:00:00
1616976000,72,Greed,2021-03-29 02:00:00
1617062400,72,Greed,2021-03-30 02:00:00
1617148800,76,Extreme Greed,2021-03-31 02:00:00
1617235200,74,Greed,2021-04-01 02:00:00
1617321600,74,Greed,2021-04-02 02:00:00
1617408000,73,Greed,2021-04-03 02:00:00
1617494400,74,Greed,2021-04-04 02:00:00
1617580800,71,Greed,2021-04-05 02:00:00
1617667200,75,Greed,2021-04-06 02:00:00
1617753600,72,Greed,2021-04-07 02:00:00
1617840000,73,Greed,2021-04-08 02:00:00
1617926400,70,Greed,2021-04-09 02:00:00
1618012800,70,Greed,2021-04-10 02:00:00
1618099200,76,Extreme Greed,2021-04-11 02:00:00
1618185600,74,Greed,2021-04-12 02:00:00
1618272000,74,Greed,2021-04-13 02:00:00
1618358400,75,Greed,2021-04-14 02:00:00
1618444800,79,Extreme Greed,2021-04-15 02:00:00
1618531200,78,Extreme Greed,2021-04-16 02:00:00
1618617600,76,Extreme Greed,2021-04-17 02:00:00
1618704000,79,Extreme Greed,2021-04-18 02:00:00
1618790400,74,Greed,2021-04-19 02:00:00
1618876800,73,Greed,2021-04-20 02:00:00
1618963200,73,Greed,2021-04-21 02:00:00
1619049600,65,Greed,2021-04-22 02:00:00
1619136000,55,Greed,2021-04-23 02:00:00
1619222400,37,Fear,2021-04-24 02:00:00
1619308800,31,Fear,2021-04-25 02:00:00
1619395200,27,Fear,2021-04-26 02:00:00
1619481600,50,Neutral,2021-04-27 02:00:00
1619568000,59,Greed,2021-04-28 02:00:00
1619654400,52,Neutral,2021-04-29 02:00:00
1619740800,51,Neutral,2021-04-30 02:00:00
1619827200,68,Greed,2021-05-01 02:00:00
1619913600,66,Greed,2021-05-02 02:00:00
1620000000,61,Greed,2021-05-03 02:00:00
1620086400,68,Greed,2021-05-04 02:00:00
1620172800,48,Neutral,2021-05-05 02:00:00
1620259200,65,Greed,2021-05-06 02:00:00
1620345600,64,Greed,2021-05-07 02:00:00
1620432000,67,Greed,2021-05-08 02:00:00
1620518400,73,Greed,2021-05-09 02:00:00
1620604800,72,Greed,2021-05-10 02:00:00
1620691200,61,Greed,2021-05-11 02:00:00
1620777600,68,Greed,2021-05-12 02:00:00
1620864000,31,Fear,2021-05-13 02:00:00
1620950400,26,Fear,2021-05-14 02:00:00
1621036800,27,Fear,2021-05-15 02:00:00
1621123200,20,Extreme Fear,2021-05-16 02:00:00
1621209600,27,Fear,2021-05-17 02:00:00
1621296000,21,Extreme Fear,2021-05-18 02:00:00
1621382400,23,Extreme Fear,2021-05-19 02:00:00
1621468800,11,Extreme Fear,2021-05-20 02:00:00
1621555200,19,Extreme Fear,2021-05-21 02:00:00
1621641600,12,Extreme Fear,2021-05-22 02:00:00
1621728000,14,Extreme Fear,2021-05-23 02:00:00
1621814400,10,Extreme Fear,2021-05-24 02:00:00
1621900800,22,Extreme Fear,2021-05-25 02:00:00
1621987200,22,Extreme Fear,2021-05-26 02:00:00
1622073600,27,Fear,2021-05-27 02:00:00
1622160000,21,Extreme Fear,2021-05-28 02:00:00
1622246400,18,Extreme Fear,2021-05-29 02:00:00
1622332800,10,Extreme Fear,2021-05-30 02:00:00
1622419200,18,Extreme Fear,2021-05-31 02:00:00
1622505600,20,Extreme Fear,2021-06-01 02:00:00
1622592000,23,Extreme Fear,2021-06-02 02:00:00
1622678400,24,Extreme Fear,2021-06-03 02:00:00
1622764800,27,Fear,2021-06-04 02:00:00
1622851200,24,Extreme Fear,2021-06-05 02:00:00
1622937600,17,Extreme Fear,2021-06-06 02:00:00
1623024000,15,Extreme Fear,2021-06-07 02:00:00
1623110400,13,Extreme Fear,2021-06-08 02:00:00
1623196800,14,Extreme Fear,2021-06-09 02:00:00
1623283200,21,Extreme Fear,2021-06-10 02:00:00
1623369600,21,Extreme Fear,2021-06-11 02:00:00
1623456000,28,Fear,2021-06-12 02:00:00
1623542400,23,Extreme Fear,2021-06-13 02:00:00
1623628800,28,Fear,2021-06-14 02:00:00
1623715200,38,Fear,2021-06-15 02:00:00
1623801600,33,Fear,2021-06-16 02:00:00
1623888000,26,Fear,2021-06-17 02:00:00
1623974400,25,Extreme Fear,2021-06-18 02:00:00
1624060800,23,Extreme Fear,2021-06-19 02:00:00
1624147200,21,Extreme Fear,2021-06-20 02:00:00
1624233600,23,Extreme Fear,2021-06-21 02:00:00
1624320000,10,Extreme Fear,2021-06-22 02:00:00
1624406400,14,Extreme Fear,2021-06-23 02:00:00
1624492800,22,Extreme Fear,2021-06-24 02:00:00
1624579200,27,Fear,2021-06-25 02:00:00
1624665600,20,Extreme Fear,2021-06-26 02:00:00
1624752000,22,Extreme Fear,2021-06-27 02:00:00
1624838400,25,Extreme Fear,2021-06-28 02:00:00
1624924800,25,Extreme Fear,2021-06-29 02:00:00
1625011200,28,Fear,2021-06-30 02:00:00
1625097600,28,Fear,2021-07-01 02:00:00
1625184000,21,Extreme Fear,2021-07-02 02:00:00
1625270400,24,Extreme Fear,2021-07-03 02:00:00
1625356800,27,Fear,2021-07-04 02:00:00
1625443200,29,Fear,2021-07-05 02:00:00
1625529600,20,Extreme Fear,2021-07-06 02:00:00
1625616000,28,Fear,2021-07-07 02:00:00
1625702400,20,Extreme Fear,2021-07-08 02:00:00
1625788800,20,Extreme Fear,2021-07-09 02:00:00
1625875200,20,Extreme Fear,2021-07-10 02:00:00
1625961600,20,Extreme Fear,2021-07-11 02:00:00
1626048000,25,Extreme Fear,2021-07-12 02:00:00
1626134400,20,Extreme Fear,2021-07-13 02:00:00
1626220800,21,Extreme Fear,2021-07-14 02:00:00
1626307200,20,Extreme Fear,2021-07-15 02:00:00
1626393600,22,Extreme Fear,2021-07-16 02:00:00
1626480000,15,Extreme Fear,2021-07-17 02:00:00
1626566400,19,Extreme Fear,2021-07-18 02:00:00
1626652800,24,Extreme Fear,2021-07-19 02:00:00
1626739200,19,Extreme Fear,2021-07-20 02:00:00
1626825600,10,Extreme Fear,2021-07-21 02:00:00
1626912000,21,Extreme Fear,2021-07-22 02:00:00
1626998400,23,Extreme Fear,2021-07-23 02:00:00
1627084800,22,Extreme Fear,2021-07-24 02:00:00
1627171200,27,Fear,2021-07-25 02:00:00
1627257600,26,Fear,2021-07-26 02:00:00
1627344000,32,Fear,2021-07-27 02:00:00
1627430400,50,Neutral,2021-07-28 02:00:00
1627516800,50,Neutral,2021-07-29 02:00:00
1627603200,53,Neutral,2021-07-30 02:00:00
1627689600,60,Greed,2021-07-31 02:00:00
1627776000,60,Greed,2021-08-01 02:00:00
1627862400,48,Neutral,2021-08-02 02:00:00
1627948800,48,Neutral,2021-08-03 02:00:00
1628035200,42,Fear,2021-08-04 02:00:00
1628121600,50,Neutral,2021-08-05 02:00:00
1628208000,52,Neutral,2021-08-06 02:00:00
1628294400,69,Greed,2021-08-07 02:00:00
1628380800,74,Greed,2021-08-08 02:00:00
1628467200,65,Greed,2021-08-09 02:00:00
1628553600,71,Greed,2021-08-10 02:00:00
1628640000,70,Greed,2021-08-11 02:00:00
1628726400,70,Greed,2021-08-12 02:00:00
1628812800,70,Greed,2021-08-13 02:00:00
1628899200,76,Extreme Greed,2021-08-14 02:00:00
1628985600,71,Greed,2021-08-15 02:00:00
1629072000,72,Greed,2021-08-16 02:00:00
1629158400,72,Greed,2021-08-17 02:00:00
1629244800,73,Greed,2021-08-18 02:00:00
1629331200,70,Greed,2021-08-19 02:00:00
1629417600,70,Greed,2021-08-20 02:00:00
1629504000,78,Extreme Greed,2021-08-21 02:00:00
1629590400,76,Extreme Greed,2021-08-22 02:00:00
1629676800,79,Extreme Greed,2021-08-23 02:00:00
1629763200,79,Extreme Greed,2021-08-24 02:00:00
1629849600,73,Greed,2021-08-25 02:00:00
1629936000,75,Greed,2021-08-26 02:00:00
1630022400,71,Greed,2021-08-27 02:00:00
1630108800,78,Extreme Greed,2021-08-28 02:00:00
1630195200,72,Greed,2021-08-29 02:00:00
1630281600,73,Greed,2021-08-30 02:00:00
1630368000,73,Greed,2021-08-31 02:00:00
1630454400,71,Greed,2021-09-01 02:00:00
1630540800,74,Greed,2021-09-02 02:00:00
1630627200,74,Greed,2021-09-03 02:00:00
1630713600,72,Greed,2021-09-04 02:00:00
1630800000,73,Greed,2021-09-05 02:00:00
1630886400,79,Extreme Greed,2021-09-06 02:00:00
1630972800,79,Extreme Greed,2021-09-07 02:00:00
1631059200,47,Neutral,2021-09-08 02:00:00
1631145600,45,Fear,2021-09-09 02:00:00
1631232000,46,Fear,2021-09-10 02:00:00
1631318400,31,Fear,2021-09-11 02:00:00
1631404800,32,Fear,2021-09-12 02:00:00
1631491200,44,Fear,2021-09-13 02:00:00
1631577600,30,Fear,2021-09-14 02:00:00
1631664000,49,Neutral,2021-09-15 02:00:00
1631750400,53,Neutral,2021-09-16 02:00:00
1631836800,48,Neutral,2021-09-17 02:00:00
1631923200,50,Neutral,2021-09-18 02:00:00
1632009600,53,Neutral,2021-09-19 02:00:00
1632096000,50,Neutral,2021-09-20 02:00:00
1632182400,27,Fear,2021-09-21 02:00:00
1632268800,21,Extreme Fear,2021-09-22 02:00:00
1632355200,27,Fear,2021-09-23 02:00:00
1632441600,33,Fear,2021-09-24 02:00:00
1632528000,28,Fear,2021-09-25 02:00:00
1632614400,27,Fear,2021-09-26 02:00:00
1632700800,26,Fear,2021-09-27 02:00:00
1632787200,25,Extreme Fear,2021-09-28 02:00:00
1632873600,24,Extreme Fear,2021-09-29 02:00:00
1632960000,20,Extreme Fear,2021-09-30 02:00:00
1633046400,27,Fear,2021-10-01 02:00:00
1633132800,54,Neutral,2021-10-02 02:00:00
1633219200,49,Neutral,2021-10-03 02:00:00
1633305600,54,Neutral,2021-10-04 02:00:00
1633392000,59,Greed,2021-10-05 02:00:00
1633478400,68,Greed,2021-10-06 02:00:00
1633564800,76,Extreme Greed,2021-10-07 02:00:00
1633651200,74,Greed,2021-10-08 02:00:00
1633737600,72,Greed,2021-10-09 02:00:00
1633824000,71,Greed,2021-10-10 02:00:00
1633910400,71,Greed,2021-10-11 02:00:00
1633996800,78,Extreme Greed,2021-10-12 02:00:00
1634083200,70,Greed,2021-10-13 02:00:00
1634169600,70,Greed,2021-10-14 02:00:00
1634256000,71,Greed,2021-10-15 02:00:00
1634342400,78,Extreme Greed,2021-10-16 02:00:00
1634428800,79,Extreme Greed,2021-10-17 02:00:00
1634515200,78,Extreme Greed,2021-10-18 02:00:00
1634601600,75,Greed,2021-10-19 02:00:00
1634688000,82,Extreme Greed,2021-10-20 02:00:00
1634774400,84,Extreme Greed,2021-10-21 02:00:00
1634860800,75,Greed,2021-10-22 02:00:00
1634947200,74,Greed,2021-10-23 02:00:00
1635033600,73,Greed,2021-10-24 02:00:00
1635120000,72,Greed,2021-10-25 02:00:00
1635206400,76,Extreme Greed,2021-10-26 02:00:00
1635292800,73,Greed,2021-10-27 02:00:00
1635379200,66,Greed,2021-10-28 02:00:00
1635465600,70,Greed,2021-10-29 02:00:00
1635552000,73,Greed,2021-10-30 02:00:00
1635638400,74,Greed,2021-10-31 02:00:00
1635724800,74,Greed,2021-11-01 01:00:00
1635811200,73,Greed,2021-11-02 01:00:00
1635897600,76,Extreme Greed,2021-11-03 01:00:00
1635984000,73,Greed,2021-11-04 01:00:00
1636070400,73,Greed,2021-11-05 01:00:00
1636156800,71,Greed,2021-11-06 01:00:00
1636243200,73,Greed,2021-11-07 01:00:00
1636329600,75,Greed,2021-11-08 01:00:00
1636416000,84,Extreme Greed,2021-11-09 01:00:00
1636502400,75,Greed,2021-11-10 01:00:00
1636588800,77,Extreme Greed,2021-11-11 01:00:00
1636675200,74,Greed,2021-11-12 01:00:00
1636761600,72,Greed,2021-11-13 01:00:00
1636848000,74,Greed,2021-11-14 01:00:00
1636934400,72,Greed,2021-11-15 01:00:00
1637020800,71,Greed,2021-11-16 01:00:00
1637107200,52,Neutral,2021-11-17 01:00:00
1637193600,54,Neutral,2021-11-18 01:00:00
1637280000,34,Fear,2021-11-19 01:00:00
1637366400,43,Fear,2021-11-20 01:00:00
1637452800,49,Neutral,2021-11-21 01:00:00
1637539200,50,Neutral,2021-11-22 01:00:00
1637625600,33,Fear,2021-11-23 01:00:00
1637712000,42,Fear,2021-11-24 01:00:00
1637798400,32,Fear,2021-11-25 01:00:00
1637884800,47,Neutral,2021-11-26 01:00:00
1637971200,21,Extreme Fear,2021-11-27 01:00:00
1638057600,27,Fear,2021-11-28 01:00:00
1638144000,33,Fear,2021-11-29 01:00:00
1638230400,40,Fear,2021-11-30 01:00:00
1638316800,34,Fear,2021-12-01 01:00:00
1638403200,32,Fear,2021-12-02 01:00:00
1638489600,31,Fear,2021-12-03 01:00:00
1638576000,25,Extreme Fear,2021-12-04 01:00:00
1638662400,18,Extreme Fear,2021-12-05 01:00:00
1638748800,16,Extreme Fear,2021-12-06 01:00:00
1638835200,25,Extreme Fear,2021-12-07 01:00:00
1638921600,28,Fear,2021-12-08 01:00:00
1639008000,29,Fear,2021-12-09 01:00:00
1639094400,24,Extreme Fear,2021-12-10 01:00:00
1639180800,16,Extreme Fear,2021-12-11 01:00:00
1639267200,27,Fear,2021-12-12 01:00:00
1639353600,28,Fear,2021-12-13 01:00:00
1639440000,21,Extreme Fear,2021-12-14 01:00:00
1639526400,28,Fear,2021-12-15 01:00:00
1639612800,29,Fear,2021-12-16 01:00:00
1639699200,23,Extreme Fear,2021-12-17 01:00:00
1639785600,24,Extreme Fear,2021-12-18 01:00:00
1639872000,29,Fear,2021-12-19 01:00:00
1639958400,25,Extreme Fear,2021-12-20 01:00:00
1640044800,27,Fear,2021-12-21 01:00:00
1640131200,45,Fear,2021-12-22 01:00:00
1640217600,34,Fear,2021-12-23 01:00:00
1640304000,41,Fear,2021-12-24 01:00:00
1640390400,39,Fear,2021-12-25 01:00:00
1640476800,37,Fear,2021-12-26 01:00:00
1640563200,40,Fear,2021-12-27 01:00:00
1640649600,41,Fear,2021-12-28 01:00:00
1640736000,27,Fear,2021-12-29 01:00:00
1640822400,22,Extreme Fear,2021-12-30 01:00:00
1640908800,28,Fear,2021-12-31 01:00:00
1640995200,21,Extreme Fear,2022-01-01 01:00:00
1641081600,29,Fear,2022-01-02 01:00:00
1641168000,29,Fear,2022-01-03 01:00:00
1641254400,23,Extreme Fear,2022-01-04 01:00:00
1641340800,24,Extreme Fear,2022-01-05 01:00:00
1641427200,15,Extreme Fear,2022-01-06 01:00:00
1641513600,18,Extreme Fear,2022-01-07 01:00:00
1641600000,10,Extreme Fear,2022-01-08 01:00:00
1641686400,23,Extreme Fear,2022-01-09 01:00:00
1641772800,23,Extreme Fear,2022-01-10 01:00:00
1641859200,21,Extreme Fear,2022-01-11 01:00:00
1641945600,22,Extreme Fear,2022-01-12 01:00:00
1642032000,21,Extreme Fear,2022-01-13 01:00:00
1642118400,21,Extreme Fear,2022-01-14 01:00:00
1642204800,23,Extreme Fear,2022-01-15 01:00:00
1642291200,21,Extreme Fear,2022-01-16 01:00:00
1642377600,22,Extreme Fear,2022-01-17 01:00:00
1642464000,24,Extreme Fear,2022-01-18 01:00:00
1642550400,24,Extreme Fear,2022-01-19 01:00:00
1642636800,24,Extreme Fear,2022-01-20 01:00:00
1642723200,19,Extreme Fear,2022-01-21 01:00:00
1642809600,13,Extreme Fear,2022-01-22 01:00:00
1642896000,11,Extreme Fear,2022-01-23 01:00:00
1642982400,13,Extreme Fear,2022-01-24 01:00:00
1643068800,12,Extreme Fear,2022-01-25 01:00:00
1643155200,23,Extreme Fear,2022-01-26 01:00:00
1643241600,20,Extreme Fear,2022-01-27 01:00:00
1643328000,24,Extreme Fear,2022-01-28 01:00:00
1643414400,24,Extreme Fear,2022-01-29 01:00:00
1643500800,29,Fear,2022-01-30 01:00:00
1643587200,20,Extreme Fear,2022-01-31 01:00:00
1643673600,26,Fear,2022-02-01 01:00:00
1643760000,28,Fear,2022-02-02 01:00:00
1643846400,20,Extreme Fear,2022-02-03 01:00:00
1643932800,20,Extreme Fear,2022-02-04 01:00:00
1644019200,33,Fear,2022-02-05 01:00:00
1644105600,37,Fear,2022-02-06 01:00:00
1644192000,45,Fear,2022-02-07 01:00:00
1644278400,48,Neutral,2022-02-08 01:00:00
1644364800,54,Neutral,2022-02-09 01:00:00
1644451200,50,Neutral,2022-02-10 01:00:00
1644537600,50,Neutral,2022-02-11 01:00:00
1644624000,44,Fear,2022-02-12 01:00:00
1644710400,44,Fear,2022-02-13 01:00:00
1644796800,46,Fear,2022-02-14 01:00:00
1644883200,46,Fear,2022-02-15 01:00:00
1644969600,51,Neutral,2022-02-16 01:00:00
1645056000,52,Neutral,2022-02-17 01:00:00
1645142400,30,Fear,2022-02-18 01:00:00
1645228800,25,Extreme Fear,2022-02-19 01:00:00
1645315200,27,Fear,2022-02-20 01:00:00
1645401600,25,Extreme Fear,2022-02-21 01:00:00
1645488000,20,Extreme Fear,2022-02-22 01:00:00
1645574400,25,Extreme Fear,2022-02-23 01:00:00
1645660800,23,Extreme Fear,2022-02-24 01:00:00
1645747200,27,Fear,2022-02-25 01:00:00
1645833600,26,Fear,2022-02-26 01:00:00
1645920000,26,Fear,2022-02-27 01:00:00
1646006400,20,Extreme Fear,2022-02-28 01:00:00
1646092800,51,Neutral,2022-03-01 01:00:00
1646179200,52,Neutral,2022-03-02 01:00:00
1646265600,39,Fear,2022-03-03 01:00:00
1646352000,33,Fear,2022-03-04 01:00:00
1646438400,22,Extreme Fear,2022-03-05 01:00:00
1646524800,22,Extreme Fear,2022-03-06 01:00:00
1646611200,23,Extreme Fear,2022-03-07 01:00:00
1646697600,21,Extreme Fear,2022-03-08 01:00:00
1646784000,22,Extreme Fear,2022-03-09 01:00:00
1646870400,28,Fear,2022-03-10 01:00:00
1646956800,22,Extreme Fear,2022-03-11 01:00:00
1647043200,22,Extreme Fear,2022-03-12 01:00:00
1647129600,21,Extreme Fear,2022-03-13 01:00:00
1647216000,23,Extreme Fear,2022-03-14 01:00:00
1647302400,21,Extreme Fear,2022-03-15 01:00:00
1647388800,24,Extreme Fear,2022-03-16 01:00:00
1647475200,27,Fear,2022-03-17 01:00:00
1647561600,25,Extreme Fear,2022-03-18 01:00:00
1647648000,28,Fear,2022-03-19 01:00:00
1647734400,31,Fear,2022-03-20 01:00:00
1647820800,30,Fear,2022-03-21 01:00:00
1647907200,26,Fear,2022-03-22 01:00:00
1647993600,31,Fear,2022-03-23 01:00:00
1648080000,40,Fear,2022-03-24 01:00:00
1648166400,47,Neutral,2022-03-25 01:00:00
1648252800,51,Neutral,2022-03-26 01:00:00
1648339200,49,Neutral,2022-03-27 01:00:00
1648425600,60,Greed,2022-03-28 02:00:00
1648512000,56,Greed,2022-03-29 02:00:00
1648598400,55,Greed,2022-03-30 02:00:00
1648684800,52,Neutral,2022-03-31 02:00:00
1648771200,50,Neutral,2022-04-01 02:00:00
1648857600,52,Neutral,2022-04-02 02:00:00
1648944000,48,Neutral,2022-04-03 02:00:00
1649030400,52,Neutral,2022-04-04 02:00:00
1649116800,53,Neutral,2022-04-05 02:00:00
1649203200,48,Neutral,2022-04-06 02:00:00
1649289600,34,Fear,2022-04-07 02:00:00
1649376000,37,Fear,2022-04-08 02:00:00
1649462400,30,Fear,2022-04-09 02:00:00
1649548800,34,Fear,2022-04-10 02:00:00
1649635200,32,Fear,2022-04-11 02:00:00
1649721600,20,Extreme Fear,2022-04-12 02:00:00
1649808000,25,Extreme Fear,2022-04-13 02:00:00
1649894400,28,Fear,2022-04-14 02:00:00
1649980800,22,Extreme Fear,2022-04-15 02:00:00
1650067200,28,Fear,2022-04-16 02:00:00
1650153600,28,Fear,2022-04-17 02:00:00
1650240000,24,Extreme Fear,2022-04-18 02:00:00
1650326400,27,Fear,2022-04-19 02:00:00
1650412800,27,Fear,2022-04-20 02:00:00
1650499200,27,Fear,2022-04-21 02:00:00
1650585600,26,Fear,2022-04-22 02:00:00
1650672000,24,Extreme Fear,2022-04-23 02:00:00
1650758400,24,Extreme Fear,2022-04-24 02:00:00
1650844800,23,Extreme Fear,2022-04-25 02:00:00
1650931200,27,Fear,2022-04-26 02:00:00
1651017600,21,Extreme Fear,2022-04-27 02:00:00
1651104000,24,Extreme Fear,2022-04-28 02:00:00
1651190400,23,Extreme Fear,2022-04-29 02:00:00
1651276800,20,Extreme Fear,2022-04-30 02:00:00
1651363200,22,Extreme Fear,2022-05-01 02:00:00
1651449600,28,Fear,2022-05-02 02:00:00
1651536000,27,Fear,2022-05-03 02:00:00
1651622400,21,Extreme Fear,2022-05-04 02:00:00
1651708800,27,Fear,2022-05-05 02:00:00
1651795200,22,Extreme Fear,2022-05-06 02:00:00
1651881600,23,Extreme Fear,2022-05-07 02:00:00
1651968000,18,Extreme Fear,2022-05-08 02:00:00
1652054400,11,Extreme Fear,2022-05-09 02:00:00
1652140800,10,Extreme Fear,2022-05-10 02:00:00
1652227200,12,Extreme Fear,2022-05-11 02:00:00
1652313600,12,Extreme Fear,2022-05-12 02:00:00
1652400000,10,Extreme Fear,2022-05-13 02:00:00
1652486400,9,Extreme Fear,2022-05-14 02:00:00
1652572800,10,Extreme Fear,2022-05-15 02:00:00
1652659200,14,Extreme Fear,2022-05-16 02:00:00
1652745600,8,Extreme Fear,2022-05-17 02:00:00
1652832000,12,Extreme Fear,2022-05-18 02:00:00
1652918400,13,Extreme Fear,2022-05-19 02:00:00
1653004800,13,Extreme Fear,2022-05-20 02:00:00
1653091200,13,Extreme Fear,2022-05-21 02:00:00
1653177600,14,Extreme Fear,2022-05-22 02:00:00
1653264000,10,Extreme Fear,2022-05-23 02:00:00
1653350400,12,Extreme Fear,2022-05-24 02:00:00
1653436800,11,Extreme Fear,2022-05-25 02:00:00
1653523200,12,Extreme Fear,2022-05-26 02:00:00
1653609600,12,Extreme Fear,2022-05-27 02:00:00
1653696000,13,Extreme Fear,2022-05-28 02:00:00
1653782400,14,Extreme Fear,2022-05-29 02:00:00
1653868800,10,Extreme Fear,2022-05-30 02:00:00
1653955200,16,Extreme Fear,2022-05-31 02:00:00
1654041600,17,Extreme Fear,2022-06-01 02:00:00
1654128000,13,Extreme Fear,2022-06-02 02:00:00
1654214400,10,Extreme Fear,2022-06-03 02:00:00
1654300800,14,Extreme Fear,2022-06-04 02:00:00
1654387200,10,Extreme Fear,2022-06-05 02:00:00
1654473600,13,Extreme Fear,2022-06-06 02:00:00
1654560000,15,Extreme Fear,2022-06-07 02:00:00
1654646400,17,Extreme Fear,2022-06-08 02:00:00
1654732800,11,Extreme Fear,2022-06-09 02:00:00
1654819200,13,Extreme Fear,2022-06-10 02:00:00
1654905600,12,Extreme Fear,2022-06-11 02:00:00
1654992000,14,Extreme Fear,2022-06-12 02:00:00
1655078400,11,Extreme Fear,2022-06-13 02:00:00
1655164800,8,Extreme Fear,2022-06-14 02:00:00
1655251200,7,Extreme Fear,2022-06-15 02:00:00
1655337600,7,Extreme Fear,2022-06-16 02:00:00
1655424000,9,Extreme Fear,2022-06-17 02:00:00
1655510400,6,Extreme Fear,2022-06-18 02:00:00
1655596800,6,Extreme Fear,2022-06-19 02:00:00
1655683200,9,Extreme Fear,2022-06-20 02:00:00
1655769600,9,Extreme Fear,2022-06-21 02:00:00
1655856000,11,Extreme Fear,2022-06-22 02:00:00
1655942400,11,Extreme Fear,2022-06-23 02:00:00
1656028800,11,Extreme Fear,2022-06-24 02:00:00
1656115200,14,Extreme Fear,2022-06-25 02:00:00
1656201600,14,Extreme Fear,2022-06-26 02:00:00
1656288000,12,Extreme Fear,2022-06-27 02:00:00
1656374400,10,Extreme Fear,2022-06-28 02:00:00
1656460800,13,Extreme Fear,2022-06-29 02:00:00
1656547200,11,Extreme Fear,2022-06-30 02:00:00
1656633600,11,Extreme Fear,2022-07-01 02:00:00
1656720000,14,Extreme Fear,2022-07-02 02:00:00
1656806400,11,Extreme Fear,2022-07-03 02:00:00
1656892800,14,Extreme Fear,2022-07-04 02:00:00
1656979200,19,Extreme Fear,2022-07-05 02:00:00
1657065600,18,Extreme Fear,2022-07-06 02:00:00
1657152000,18,Extreme Fear,2022-07-07 02:00:00
1657238400,20,Extreme Fear,2022-07-08 02:00:00
1657324800,24,Extreme Fear,2022-07-09 02:00:00
1657411200,24,Extreme Fear,2022-07-10 02:00:00
1657497600,22,Extreme Fear,2022-07-11 02:00:00
1657584000,16,Extreme Fear,2022-07-12 02:00:00
1657670400,15,Extreme Fear,2022-07-13 02:00:00
1657756800,18,Extreme Fear,2022-07-14 02:00:00
1657843200,15,Extreme Fear,2022-07-15 02:00:00
1657929600,21,Extreme Fear,2022-07-16 02:00:00
1658016000,24,Extreme Fear,2022-07-17 02:00:00
1658102400,20,Extreme Fear,2022-07-18 02:00:00
1658188800,30,Fear,2022-07-19 02:00:00
1658275200,31,Fear,2022-07-20 02:00:00
1658361600,34,Fear,2022-07-21 02:00:00
1658448000,33,Fear,2022-07-22 02:00:00
1658534400,31,Fear,2022-07-23 02:00:00
1658620800,30,Fear,2022-07-24 02:00:00
1658707200,30,Fear,2022-07-25 02:00:00
1658793600,26,Fear,2022-07-26 02:00:00
1658880000,28,Fear,2022-07-27 02:00:00
1658966400,32,Fear,2022-07-28 02:00:00
1659052800,39,Fear,2022-07-29 02:00:00
1659139200,42,Fear,2022-07-30 02:00:00
1659225600,39,Fear,2022-07-31 02:00:00
1659312000,33,Fear,2022-08-01 02:00:00
1659398400,31,Fear,2022-08-02 02:00:00
1659484800,34,Fear,2022-08-03 02:00:00
1659571200,30,Fear,2022-08-04 02:00:00
1659657600,31,Fear,2022-08-05 02:00:00
1659744000,31,Fear,2022-08-06 02:00:00
1659830400,30,Fear,2022-08-07 02:00:00
1659916800,30,Fear,2022-08-08 02:00:00
1660003200,42,Fear,2022-08-09 02:00:00
1660089600,31,Fear,2022-08-10 02:00:00
1660176000,41,Fear,2022-08-11 02:00:00
1660262400,42,Fear,2022-08-12 02:00:00
1660348800,46,Fear,2022-08-13 02:00:00
1660435200,47,Neutral,2022-08-14 02:00:00
1660521600,45,Fear,2022-08-15 02:00:00
1660608000,44,Fear,2022-08-16 02:00:00
1660694400,41,Fear,2022-08-17 02:00:00
1660780800,30,Fear,2022-08-18 02:00:00
1660867200,33,Fear,2022-08-19 02:00:00
1660953600,29,Fear,2022-08-20 02:00:00
1661040000,27,Fear,2022-08-21 02:00:00
1661126400,29,Fear,2022-08-22 02:00:00
1661212800,28,Fear,2022-08-23 02:00:00
1661299200,25,Extreme Fear,2022-08-24 02:00:00
1661385600,25,Extreme Fear,2022-08-25 02:00:00
1661472000,27,Fear,2022-08-26 02:00:00
1661558400,28,Fear,2022-08-27 02:00:00
1661644800,28,Fear,2022-08-28 02:00:00
1661731200,24,Extreme Fear,2022-08-29 02:00:00
1661817600,27,Fear,2022-08-30 02:00:00
1661904000,23,Extreme Fear,2022-08-31 02:00:00
1661990400,20,Extreme Fear,2022-09-01 02:00:00
1662076800,25,Extreme Fear,2022-09-02 02:00:00
1662163200,21,Extreme Fear,2022-09-03 02:00:00
1662249600,20,Extreme Fear,2022-09-04 02:00:00
1662336000,23,Extreme Fear,2022-09-05 02:00:00
1662422400,22,Extreme Fear,2022-09-06 02:00:00
1662508800,24,Extreme Fear,2022-09-07 02:00:00
1662595200,20,Extreme Fear,2022-09-08 02:00:00
1662681600,22,Extreme Fear,2022-09-09 02:00:00
1662768000,28,Fear,2022-09-10 02:00:00
1662854400,26,Fear,2022-09-11 02:00:00
1662940800,25,Extreme Fear,2022-09-12 02:00:00
1663027200,34,Fear,2022-09-13 02:00:00
1663113600,27,Fear,2022-09-14 02:00:00
1663200000,28,Fear,2022-09-15 02:00:00
1663286400,20,Extreme Fear,2022-09-16 02:00:00
1663372800,22,Extreme Fear,2022-09-17 02:00:00
1663459200,27,Fear,2022-09-18 02:00:00
1663545600,21,Extreme Fear,2022-09-19 02:00:00
1663632000,23,Extreme Fear,2022-09-20 02:00:00
1663718400,23,Extreme Fear,2022-09-21 02:00:00
1663804800,22,Extreme Fear,2022-09-22 02:00:00
1663891200,20,Extreme Fear,2022-09-23 02:00:00
1663977600,24,Extreme Fear,2022-09-24 02:00:00
1664064000,24,Extreme Fear,2022-09-25 02:00:00
1664150400,21,Extreme Fear,2022-09-26 02:00:00
1664236800,20,Extreme Fear,2022-09-27 02:00:00
1664323200,20,Extreme Fear,2022-09-28 02:00:00
1664409600,22,Extreme Fear,2022-09-29 02:00:00
1664496000,21,Extreme Fear,2022-09-30 02:00:00
1664582400,20,Extreme Fear,2022-10-01 02:00:00
1664668800,24,Extreme Fear,2022-10-02 02:00:00
1664755200,24,Extreme Fear,2022-10-03 02:00:00
1664841600,20,Extreme Fear,2022-10-04 02:00:00
1664928000,25,Extreme Fear,2022-10-05 02:00:00
1665014400,26,Fear,2022-10-06 02:00:00
1665100800,23,Extreme Fear,2022-10-07 02:00:00
1665187200,24,Extreme Fear,2022-10-08 02:00:00
1665273600,22,Extreme Fear,2022-10-09 02:00:00
1665360000,22,Extreme Fear,2022-10-10 02:00:00
1665446400,24,Extreme Fear,2022-10-11 02:00:00
1665532800,20,Extreme Fear,2022-10-12 02:00:00
1665619200,20,Extreme Fear,2022-10-13 02:00:00
1665705600,24,Extreme Fear,2022-10-14 02:00:00
1665792000,24,Extreme Fear,2022-10-15 02:00:00
1665878400,24,Extreme Fear,2022-10-16 02:00:00
1665964800,20,Extreme Fear,2022-10-17 02:00:00
1666051200,22,Extreme Fear,2022-10-18 02:00:00
1666137600,23,Extreme Fear,2022-10-19 02:00:00
1666224000,23,Extreme Fear,2022-10-20 02:00:00
1666310400,23,Extreme Fear,2022-10-21 02:00:00
1666396800,20,Extreme Fear,2022-10-22 02:00:00
1666483200,23,Extreme Fear,2022-10-23 02:00:00
1666569600,22,Extreme Fear,2022-10-24 02:00:00
1666656000,20,Extreme Fear,2022-10-25 02:00:00
1666742400,33,Fear,2022-10-26 02:00:00
1666828800,32,Fear,2022-10-27 02:00:00
1666915200,30,Fear,2022-10-28 02:00:00
1667001600,34,Fear,2022-10-29 02:00:00
1667088000,34,Fear,2022-10-30 02:00:00
1667174400,31,Fear,2022-10-31 01:00:00
1667260800,30,Fear,2022-11-01 01:00:00
1667347200,30,Fear,2022-11-02 01:00:00
1667433600,30,Fear,2022-11-03 01:00:00
1667520000,30,Fear,2022-11-04 01:00:00
1667606400,38,Fear,2022-11-05 01:00:00
1667692800,40,Fear,2022-11-06 01:00:00
1667779200,33,Fear,2022-11-07 01:00:00
1667865600,31,Fear,2022-11-08 01:00:00
1667952000,29,Fear,2022-11-09 01:00:00
1668038400,22,Extreme Fear,2022-11-10 01:00:00
1668124800,25,Extreme Fear,2022-11-11 01:00:00
1668211200,21,Extreme Fear,2022-11-12 01:00:00
1668297600,22,Extreme Fear,2022-11-13 01:00:00
1668384000,24,Extreme Fear,2022-11-14 01:00:00
1668470400,22,Extreme Fear,2022-11-15 01:00:00
1668556800,23,Extreme Fear,2022-11-16 01:00:00
1668643200,20,Extreme Fear,2022-11-17 01:00:00
1668729600,23,Extreme Fear,2022-11-18 01:00:00
1668816000,23,Extreme Fear,2022-11-19 01:00:00
1668902400,24,Extreme Fear,2022-11-20 01:00:00
1668988800,21,Extreme Fear,2022-11-21 01:00:00
1669075200,22,Extreme Fear,2022-11-22 01:00:00
1669161600,22,Extreme Fear,2022-11-23 01:00:00
1669248000,20,Extreme Fear,2022-11-24 01:00:00
1669334400,20,Extreme Fear,2022-11-25 01:00:00
1669420800,22,Extreme Fear,2022-11-26 01:00:00
1669507200,26,Fear,2022-11-27 01:00:00
1669593600,28,Fear,2022-11-28 01:00:00
1669680000,26,Fear,2022-11-29 01:00:00
1669766400,29,Fear,2022-11-30 01:00:00
1669852800,27,Fear,2022-12-01 01:00:00
1669939200,27,Fear,2022-12-02 01:00:00
1670025600,27,Fear,2022-12-03 01:00:00
1670112000,26,Fear,2022-12-04 01:00:00
1670198400,26,Fear,2022-12-05 01:00:00
1670284800,25,Extreme Fear,2022-12-06 01:00:00
1670371200,29,Fear,2022-12-07 01:00:00
1670457600,25,Extreme Fear,2022-12-08 01:00:00
1670544000,26,Fear,2022-12-09 01:00:00
1670630400,27,Fear,2022-12-10 01:00:00
1670716800,26,Fear,2022-12-11 01:00:00
1670803200,27,Fear,2022-12-12 01:00:00
1670889600,27,Fear,2022-12-13 01:00:00
1670976000,30,Fear,2022-12-14 01:00:00
1671062400,31,Fear,2022-12-15 01:00:00
1671148800,29,Fear,2022-12-16 01:00:00
1671235200,28,Fear,2022-12-17 01:00:00
1671321600,26,Fear,2022-12-18 01:00:00
1671408000,29,Fear,2022-12-19 01:00:00
1671494400,29,Fear,2022-12-20 01:00:00
1671580800,26,Fear,2022-12-21 01:00:00
1671667200,28,Fear,2022-12-22 01:00:00
1671753600,27,Fear,2022-12-23 01:00:00
1671840000,29,Fear,2022-12-24 01:00:00
1671926400,29,Fear,2022-12-25 01:00:00
1672012800,28,Fear,2022-12-26 01:00:00
1672099200,27,Fear,2022-12-27 01:00:00
1672185600,28,Fear,2022-12-28 01:00:00
1672272000,28,Fear,2022-12-29 01:00:00
1672358400,28,Fear,2022-12-30 01:00:00
1672444800,25,Extreme Fear,2022-12-31 01:00:00
1672531200,26,Fear,2023-01-01 01:00:00
1672617600,27,Fear,2023-01-02 01:00:00
1672704000,26,Fear,2023-01-03 01:00:00
1672790400,29,Fear,2023-01-04 01:00:00
1672876800,29,Fear,2023-01-05 01:00:00
1672963200,26,Fear,2023-01-06 01:00:00
1673049600,25,Extreme Fear,2023-01-07 01:00:00
1673136000,25,Extreme Fear,2023-01-08 01:00:00
1673222400,25,Extreme Fear,2023-01-09 01:00:00
1673308800,26,Fear,2023-01-10 01:00:00
1673395200,26,Fear,2023-01-11 01:00:00
1673481600,30,Fear,2023-01-12 01:00:00
1673568000,31,Fear,2023-01-13 01:00:00
1673654400,46,Fear,2023-01-14 01:00:00
1673740800,52,Neutral,2023-01-15 01:00:00
1673827200,45,Fear,2023-01-16 01:00:00
1673913600,51,Neutral,2023-01-17 01:00:00
1674000000,52,Neutral,2023-01-18 01:00:00
1674086400,45,Fear,2023-01-19 01:00:00
1674172800,51,Neutral,2023-01-20 01:00:00
1674259200,53,Neutral,2023-01-21 01:00:00
1674345600,53,Neutral,2023-01-22 01:00:00
1674432000,50,Neutral,2023-01-23 01:00:00
1674518400,52,Neutral,2023-01-24 01:00:00
1674604800,51,Neutral,2023-01-25 01:00:00
1674691200,54,Neutral,2023-01-26 01:00:00
1674777600,55,Greed,2023-01-27 01:00:00
1674864000,52,Neutral,2023-01-28 01:00:00
1674950400,55,Greed,2023-01-29 01:00:00
1675036800,61,Greed,2023-01-30 01:00:00
1675123200,51,Neutral,2023-01-31 01:00:00
1675209600,56,Greed,2023-02-01 01:00:00
1675296000,60,Greed,2023-02-02 01:00:00
1675382400,60,Greed,2023-02-03 01:00:00
1675468800,58,Greed,2023-02-04 01:00:00
1675555200,58,Greed,2023-02-05 01:00:00
1675641600,56,Greed,2023-02-06 01:00:00
1675728000,54,Neutral,2023-02-07 01:00:00
1675814400,58,Greed,2023-02-08 01:00:00
1675900800,55,Greed,2023-02-09 01:00:00
1675987200,48,Neutral,2023-02-10 01:00:00
1676073600,49,Neutral,2023-02-11 01:00:00
1676160000,50,Neutral,2023-02-12 01:00:00
1676246400,48,Neutral,2023-02-13 01:00:00
1676332800,50,Neutral,2023-02-14 01:00:00
1676419200,53,Neutral,2023-02-15 01:00:00
1676505600,62,Greed,2023-02-16 01:00:00
1676592000,61,Greed,2023-02-17 01:00:00
1676678400,60,Greed,2023-02-18 01:00:00
1676764800,60,Greed,2023-02-19 01:00:00
1676851200,58,Greed,2023-02-20 01:00:00
1676937600,60,Greed,2023-02-21 01:00:00
1677024000,59,Greed,2023-02-22 01:00:00
1677110400,56,Greed,2023-02-23 01:00:00
1677196800,53,Neutral,2023-02-24 01:00:00
1677283200,52,Neutral,2023-02-25 01:00:00
1677369600,51,Neutral,2023-02-26 01:00:00
1677456000,50,Neutral,2023-02-27 01:00:00
1677542400,53,Neutral,2023-02-28 01:00:00
1677628800,50,Neutral,2023-03-01 01:00:00
1677715200,51,Neutral,2023-03-02 01:00:00
1677801600,50,Neutral,2023-03-03 01:00:00
1677888000,50,Neutral,2023-03-04 01:00:00
1677974400,47,Neutral,2023-03-05 01:00:00
1678060800,48,Neutral,2023-03-06 01:00:00
1678147200,49,Neutral,2023-03-07 01:00:00
1678233600,50,Neutral,2023-03-08 01:00:00
1678320000,44,Fear,2023-03-09 01:00:00
1678406400,34,Fear,2023-03-10 01:00:00
1678492800,33,Fear,2023-03-11 01:00:00
1678579200,33,Fear,2023-03-12 01:00:00
1678665600,49,Neutral,2023-03-13 01:00:00
1678752000,56,Greed,2023-03-14 01:00:00
1678838400,50,Neutral,2023-03-15 01:00:00
1678924800,52,Neutral,2023-03-16 01:00:00
1679011200,51,Neutral,2023-03-17 01:00:00
1679097600,64,Greed,2023-03-18 01:00:00
1679184000,63,Greed,2023-03-19 01:00:00
1679270400,66,Greed,2023-03-20 01:00:00
1679356800,68,Greed,2023-03-21 01:00:00
1679443200,62,Greed,2023-03-22 01:00:00
1679529600,57,Greed,2023-03-23 01:00:00
1679616000,61,Greed,2023-03-24 01:00:00
1679702400,64,Greed,2023-03-25 01:00:00
1679788800,64,Greed,2023-03-26 01:00:00
1679875200,64,Greed,2023-03-27 02:00:00
1679961600,59,Greed,2023-03-28 02:00:00
1680048000,57,Greed,2023-03-29 02:00:00
1680134400,60,Greed,2023-03-30 02:00:00
1680220800,63,Greed,2023-03-31 02:00:00
1680307200,61,Greed,2023-04-01 02:00:00
1680393600,63,Greed,2023-04-02 02:00:00
1680480000,63,Greed,2023-04-03 02:00:00
1680566400,62,Greed,2023-04-04 02:00:00
1680652800,62,Greed,2023-04-05 02:00:00
1680739200,63,Greed,2023-04-06 02:00:00
1680825600,64,Greed,2023-04-07 02:00:00
1680912000,61,Greed,2023-04-08 02:00:00
1680998400,61,Greed,2023-04-09 02:00:00
1681084800,62,Greed,2023-04-10 02:00:00
1681171200,68,Greed,2023-04-11 02:00:00
1681257600,65,Greed,2023-04-12 02:00:00
1681344000,61,Greed,2023-04-13 02:00:00
1681430400,68,Greed,2023-04-14 02:00:00
1681516800,68,Greed,2023-04-15 02:00:00
1681603200,68,Greed,2023-04-16 02:00:00
1681689600,69,Greed,2023-04-17 02:00:00
1681776000,58,Greed,2023-04-18 02:00:00
1681862400,63,Greed,2023-04-19 02:00:00
1681948800,52,Neutral,2023-04-20 02:00:00
1682035200,50,Neutral,2023-04-21 02:00:00
1682121600,53,Neutral,2023-04-22 02:00:00
1682208000,56,Greed,2023-04-23 02:00:00
1682294400,53,Neutral,2023-04-24 02:00:00
1682380800,53,Neutral,2023-04-25 02:00:00
1682467200,56,Greed,2023-04-26 02:00:00
1682553600,59,Greed,2023-04-27 02:00:00
1682640000,64,Greed,2023-04-28 02:00:00
1682726400,64,Greed,2023-04-29 02:00:00
1682812800,60,Greed,2023-04-30 02:00:00
1682899200,63,Greed,2023-05-01 02:00:00
1682985600,55,Greed,2023-05-02 02:00:00
1683072000,64,Greed,2023-05-03 02:00:00
1683158400,64,Greed,2023-05-04 02:00:00
1683244800,61,Greed,2023-05-05 02:00:00
1683331200,60,Greed,2023-05-06 02:00:00
1683417600,64,Greed,2023-05-07 02:00:00
1683504000,60,Greed,2023-05-08 02:00:00
1683590400,51,Neutral,2023-05-09 02:00:00
1683676800,52,Neutral,2023-05-10 02:00:00
1683763200,52,Neutral,2023-05-11 02:00:00
1683849600,49,Neutral,2023-05-12 02:00:00
1683936000,48,Neutral,2023-05-13 02:00:00
1684022400,48,Neutral,2023-05-14 02:00:00
1684108800,50,Neutral,2023-05-15 02:00:00
1684195200,54,Neutral,2023-05-16 02:00:00
1684281600,50,Neutral,2023-05-17 02:00:00
1684368000,51,Neutral,2023-05-18 02:00:00
1684454400,48,Neutral,2023-05-19 02:00:00
1684540800,48,Neutral,2023-05-20 02:00:00
1684627200,52,Neutral,2023-05-21 02:00:00
1684713600,49,Neutral,2023-05-22 02:00:00
1684800000,50,Neutral,2023-05-23 02:00:00
1684886400,50,Neutral,2023-05-24 02:00:00
1684972800,51,Neutral,2023-05-25 02:00:00
1685059200,49,Neutral,2023-05-26 02:00:00
1685145600,48,Neutral,2023-05-27 02:00:00
1685232000,50,Neutral,2023-05-28 02:00:00
1685318400,52,Neutral,2023-05-29 02:00:00
1685404800,51,Neutral,2023-05-30 02:00:00
1685491200,51,Neutral,2023-05-31 02:00:00
1685577600,52,Neutral,2023-06-01 02:00:00
1685664000,50,Neutral,2023-06-02 02:00:00
1685750400,53,Neutral,2023-06-03 02:00:00
1685836800,52,Neutral,2023-06-04 02:00:00
1685923200,53,Neutral,2023-06-05 02:00:00
1686009600,44,Fear,2023-06-06 02:00:00
1686096000,53,Neutral,2023-06-07 02:00:00
1686182400,50,Neutral,2023-06-08 02:00:00
1686268800,50,Neutral,2023-06-09 02:00:00
1686355200,49,Neutral,2023-06-10 02:00:00
1686441600,47,Neutral,2023-06-11 02:00:00
1686528000,47,Neutral,2023-06-12 02:00:00
1686614400,45,Fear,2023-06-13 02:00:00
1686700800,46,Fear,2023-06-14 02:00:00
1686787200,41,Fear,2023-06-15 02:00:00
1686873600,47,Neutral,2023-06-16 02:00:00
1686960000,47,Neutral,2023-06-17 02:00:00
1687046400,49,Neutral,2023-06-18 02:00:00
1687132800,47,Neutral,2023-06-19 02:00:00
1687219200,49,Neutral,2023-06-20 02:00:00
1687305600,59,Greed,2023-06-21 02:00:00
1687392000,65,Greed,2023-06-22 02:00:00
1687478400,65,Greed,2023-06-23 02:00:00
1687564800,62,Greed,2023-06-24 02:00:00
1687651200,64,Greed,2023-06-25 02:00:00
1687737600,55,Greed,2023-06-26 02:00:00
1687824000,59,Greed,2023-06-27 02:00:00
1687910400,62,Greed,2023-06-28 02:00:00
1687996800,54,Neutral,2023-06-29 02:00:00
1688083200,56,Greed,2023-06-30 02:00:00
